Workbook

Sheet Partici
A1: N°
A2: 1 | B2: CAMPEON DE CAMPEONES
A3: 2 | B3: FERNANDA
A4: 3 | B4: TRINIDAD
A5: 4 | B5: OVAYORK
A6: 5 | B6: SALVAYORK
A7: 6 | B7: KING JORANTO
A8: 7 | B8: TOCOCO
A9: 8 | B9: AUMENTA MEDINA
A10: 9 | B10: MAGICO MEDINA
A11: 10 | B11: KOKE
A12: 11 | B12: SERVIFRENOS
A13: 12 | B13: ALF
... A28: 27 | B28: STORMILORD
A29: 28
A30: 29
A31: 30
A32: 31
A33: 32
A34: DIARIA DIA 1 | C34: DIARIA DIA 2 | D34: DIARIA DIA 3 | E34: DIARIA DIA 4 | F34: DIARIA DIA 5 | G34: DIARIA DIA 6 | H34: DIARIA DIA 7 | I34: DIARIA DIA 8 | J34: DIARIA DIA 9 | K34: DIARIA DIA 10 | L34: DIARIA DIA 11 | M34: DIARIA DIA 12 | N34: DIARIA DIA 13
A35: 27
A36: 28
A37: 29
A38: 30
A39: 31
A40: 32
A41: 33
A42: 34
A43: 35
A44: 36
A45: 37
A46: 38
... A68: 60

Sheet Tabla
AF3: 1 | AK3: 2 | AP3: 3 | AU3: 4 | AZ3: 5 | BE3: 6 | BJ3: 7 | BO3: 8 | BT3: 9 | BY3: 10 | CD3: 11 | CI3: 12 | CN3: 13
A4: POZO PREMIO: $ 195.000 10% TABLERISTA: $ 19.500 PRIMER LUGAR: $ 130.000 SEGUNDO LUGAR: $ 45.500 | AF4: POLLA DIARIA: ENCUENTRO HIPICO HCH VALOR: $ 4000 | AK4: POLLA DIARIA: ENCUENTRO HIPICO CHS VALOR: $ 4000 | AP4: POLLA DIARIA: ENCUENTRO HIPICO HCH VALOR: $ 7000 | AU4: POLLA DIARIA: ENCUENTRO HIPICO CHS VALOR: $ 4000 | AZ4: POLLA DIARIA: ENCUENTRO HIPICO HCH VALOR: $ 4000 | BE4: POLLA DIARIA: ENCUENTRO HIPICO CHS VALOR: $ 4000 | BJ4: POLLA DIARIA: ENCUENTRO HIPICO HCH VALOR: $ 4000 | BO4: POLLA DIARIA: ENCUENTRO HIPICO CHS VALOR: $ 4000 | BT4: POLLA DIARIA: ENCUENTRO HIPICO CHS VALOR: $ 4000 | BY4: POLLA DIARIA: ENCUENTRO HIPICO HCH VALOR: $ 4000 | CD4: POLLA DIARIA: ENCUENTRO HIPICO CHS VALOR: $ 4000 | CI4: POLLA DIARIA: ENCUENTRO HIPICO HCH VALOR: $ 4000 | CN4: POLLA DIARIA: ENCUENTRO HIPICO CHS VALOR: $ 4000
AE5: DIARIAS
AF6: POZO PREMIOS: $ 48.000 10% TABLERISTA: $ 5.000 Primero: $ 34.000 Segundo: $ 9.000 | AK6: POZO PREMIOS: $ 48.000 10% TABLERISTA: $ 5.000 Primero: $ 34.000 Segundo: $ 9.000 | AP6: POZO PREMIOS: $ 105.000 10% TABLERISTA: $ 11.000 Primero: $ 75.000 Segundo: $ 19.000 | AU6: POZO PREMIOS: $ 52.000 10% TABLERISTA: $ 5.000 Primero: $ 37.000 Segundo: $ 10.000 | AZ6: POZO PREMIOS: $ 64.000 10% TABLERISTA: $ 6.400 Primero: $ 45.000 Segundo: $ 12.600 | BE6: POZO PREMIOS: $ 72.000 10% TABLERISTA: $ 7.200 Primero: $ 50.000 Segundo: $14.800 | BJ6: POZO PREMIOS: $ 96.000 10% TABLERISTA: $ 9.600 Primero: $ 63.200 Segundo: $23.200 | BO6: POZO PREMIOS: $ 88.000 10% TABLERISTA: $ 8.000 Primero: $ 60.000 Segundo: $20.000 | BT6: PREMIOS: Primero: $ Segundo: $ | BY6: PREMIOS: Primero: $ Segundo: $ | CD6: PREMIOS: Primero: $ Segundo: $ | CI6: PREMIOS: Primero: $ Segundo: $ | CN6: PREMIOS: Primero: $ Segundo: $
A7: LUGAR | B7: STUD | C7: 05-mar | D7: 06-mar | E7: 21-ene | F7: 22-ene | G7: 23-ene | H7: 24-ene | I7: 26-ene | J7: 27-ene | K7: 29-ene | L7: 30-ene | M7: 31-ene | N7: 01-feb | O7: 24-dic | P7: 28-jul | Q7: 29-jul | R7: 04-ene | S7: 10-jul17 | T7: 10-jul18 | U7: 10-jul19 | V7: 10-jul20 | W7: TOTAL | X7: DIFERENCIA | Z7: SOY FICHA | AA7: 34.8 | AB7: 31.3 | AC7: 79.5 | AD7: 138.8 | AF7: LUGAR | AG7: STUD | AH7: TOTAL | AI7: Diferencia | AK7: LUGAR | AL7: STUD | AM7: TOTAL | AN7: Diferencia | AP7: LUGAR | AQ7: STUD | AR7: TOTAL | AS7: Diferencia | AU7: LUGAR | AV7: STUD | AW7: TOTAL | AX7: Diferencia | AZ7: LUGAR | BA7: STUD | BB7: TOTAL | BC7: Diferencia | BE7: LUGAR | BF7: STUD | BG7: TOTAL | BH7: Diferencia | BJ7: LUGAR | BK7: STUD | BL7: TOTAL | BM7: Diferencia | BO7: LUGAR | BP7: STUD | BQ7: TOTAL | BR7: Diferencia | BT7: LUGAR | BU7: STUD | BV7: TOTAL | BW7: Diferencia | BY7: LUGAR | BZ7: STUD | CA7: TOTAL | CB7: Diferencia | CD7: LUGAR | CE7: STUD | CF7: TOTAL | CG7: Diferencia | CI7: LUGAR | CJ7: STUD | CK7: TOTAL | CL7: Diferencia | CN7: LUGAR | CO7: STUD | CP7: TOTAL | CQ7: Diferencia
A8: 1 | B8: =+Partici!B15 -> SEA COURT 1 | C8: ='DIA 1'!$AC$33 -> 1.1 | D8: ='DIA 2'!$AC$33 -> 0 | E8: ='DIA 3'!$AC$33 -> 0 | F8: ='DIA 4'!$AC$33 -> 0 | G8: ='DIA 5'!$AC$33 -> 0 | H8: ='DIA 6'!$AC$33 -> 0 | I8: ='DIA 7'!$AC$33 -> 0 | J8: ='DIA 8'!$AC$33 -> 0 | K8: ='DIA 9'!$AC$33 -> 0 | L8: ='DIA 10'!$AC$33 -> 0 | M8: ='DIA 11'!$AC$33 -> 0 | N8: ='DIA 12'!$AC$33 -> 0 | O8: ='24 12 23. CLUB'!$AC$33 -> 0 | P8: ='Dia14'!$AC$28 -> 0 | Q8: ='Dia15'!$AC$28 -> 0 | R8: ='Dia16'!$AC$28 -> 0 | S8: ='Dia17'!$AC$28 -> 0 | T8: ='Dia18'!$AC$28 -> 0 | U8: ='Dia19'!$AC$28 -> 0 | V8: ='Dia20'!$AC$28 -> 0 | W8: =SUM(Tabla1[[#This Row],[05-mar]:[10-jul20]]) -> 1.1 | Z8: EL DE LOS BOLOS | AA8: 36.8 | AB8: 26.7 | AC8: 63.7 | AD8: 130.9 | AF8: 1 | AG8: =Partici!B39 -> 0 | AH8: =VLOOKUP(AG8,'DIA 1'!#REF!,2,0) -> #REF! | AK8: 1 | AL8: =Partici!C44 -> 0 | AM8: =VLOOKUP(AL8,'DIA 2'!$B$59:$C$126,2,0) -> 0 | AP8: 1 | AQ8: =Partici!D41 -> 0 | AR8: =VLOOKUP(AQ8,'DIA 3'!$B$59:$C$126,2,0) -> 0 | AU8: 1 | AV8: =Partici!E41 -> 0 | AW8: =VLOOKUP(AV8,'DIA 4'!$B$59:$C$126,2,0) -> 0 | AZ8: 1 | BA8: =Partici!F47 -> 0 | BB8: =VLOOKUP(BA8,'DIA 5'!$B$59:$C$126,2,0) -> 0 | BE8: 1 | BF8: =Partici!G47 -> 0 | BG8: =VLOOKUP(BF8,'DIA 6'!$B$59:$C$126,2,0) -> 0 | BJ8: 1 | BK8: =Partici!H47 -> 0 | BL8: =VLOOKUP(BK8,'DIA 7'!$B$59:$C$126,2,0) -> 0 | BO8: 1 | BP8: =Partici!I47 -> 0 | BQ8: =VLOOKUP(BP8,'DIA 8'!$B$59:$C$126,2,0) -> 0 | BR8: =$BQ$8-BQ8 -> 0 | BT8: 1 | BU8: =Partici!J47 -> 0 | BV8: =VLOOKUP(BU8,'DIA 9'!$B$59:$C$126,2,0) -> 0 | BY8: 1 | BZ8: =Partici!K47 -> 0 | CA8: =VLOOKUP(BZ8,'DIA 10'!$B$59:$C$126,2,0) -> 0 | CD8: 1 | CE8: =Partici!L47 -> 0 | CF8: =VLOOKUP(CE8,'DIA 11'!$B$59:$C$126,2,0) -> 0 | CI8: 1 | CJ8: =Partici!M47 -> 0 | CK8: =VLOOKUP(CJ8,'DIA 12'!$B$59:$C$126,2,0) -> 0 | CN8: 1 | CO8: =Partici!N47 -> 0 | CP8: =VLOOKUP(CO8,'24 12 23. CLUB'!$B$59:$C$126,2,0) -> 0
A9: 2 | B9: =+Partici!B16 -> SEA COURT 2 | C9: ='DIA 1'!$AC$35 -> 9.7 | D9: ='DIA 2'!$AC$35 -> 0 | E9: ='DIA 3'!$AC$35 -> 0 | F9: ='DIA 4'!$AC$35 -> 0 | G9: ='DIA 5'!$AC$35 -> 0 | H9: ='DIA 6'!$AC$35 -> 0 | I9: ='DIA 7'!$AC$35 -> 0 | J9: ='DIA 8'!$AC$35 -> 0 | K9: ='DIA 9'!$AC$35 -> 0 | L9: ='DIA 10'!$AC$35 -> 0 | M9: ='DIA 11'!$AC$35 -> 0 | N9: ='DIA 12'!$AC$35 -> 0 | O9: ='24 12 23. CLUB'!$AC$35 -> 0 | P9: ='Dia14'!$AC$30 -> 0 | Q9: ='Dia15'!$AC$30 -> 0 | R9: ='Dia16'!$AC$30 -> 0 | S9: ='Dia17'!$AC$30 -> 0 | T9: ='Dia18'!$AC$30 -> 0 | U9: ='Dia19'!$AC$30 -> 0 | V9: ='Dia20'!$AC$30 -> 0 | W9: =SUM(Tabla1[[#This Row],[05-mar]:[10-jul20]]) -> 9.7 | X9: =$W$8-Tabla1[[#This Row],[TOTAL]] -> -8.6 | Z9: SAN EUGENIO | AA9: 49 | AB9: 59.2 | AC9: 58 | AD9: 68.1 | AF9: 2 | AG9: =Partici!B46 -> 0 | AH9: =VLOOKUP(AG9,'DIA 1'!#REF!,2,0) -> #REF! | AI9: =$AH$8-AH9 -> #REF! | AK9: 2 | AL9: =Partici!C37 -> 0 | AM9: =VLOOKUP(AL9,'DIA 2'!$B$59:$C$126,2,0) -> 0 | AN9: =$AM$8-AM9 -> 0 | AP9: 2 | AQ9: =Partici!D35 -> 0 | AR9: =VLOOKUP(AQ9,'DIA 3'!$B$59:$C$126,2,0) -> 0 | AS9: =$AR$8-AR9 -> 0 | AU9: 2 | AV9: =Partici!E38 -> 0 | AW9: =VLOOKUP(AV9,'DIA 4'!$B$59:$C$126,2,0) -> 0 | AX9: =$AW$8-AW9 -> 0 | AZ9: 2 | BA9: =Partici!F36 -> 0 | BB9: =VLOOKUP(BA9,'DIA 5'!$B$59:$C$126,2,0) -> 0 | BC9: =$BB$8-BB9 -> 0 | BE9: 2 | BF9: =Partici!G36 -> 0 | BG9: =VLOOKUP(BF9,'DIA 6'!$B$59:$C$126,2,0) -> 0 | BH9: =$BG$8-BG9 -> 0 | BJ9: 2 | BK9: =Partici!H36 -> 0 | BL9: =VLOOKUP(BK9,'DIA 7'!$B$59:$C$126,2,0) -> 0 | BM9: =$BL$8-BL9 -> 0 | BO9: 2 | BP9: =Partici!I36 -> 0 | BQ9: =VLOOKUP(BP9,'DIA 8'!$B$59:$C$126,2,0) -> 0 | BR9: =$BQ$8-BQ9 -> 0 | BT9: 2 | BU9: =Partici!J36 -> 0 | BV9: =VLOOKUP(BU9,'DIA 9'!$B$59:$C$126,2,0) -> 0 | BW9: =$BV$8-BV9 -> 0 | BY9: 2 | BZ9: =Partici!K36 -> 0 | CA9: =VLOOKUP(BZ9,'DIA 10'!$B$59:$C$126,2,0) -> 0 | CB9: =$CA$8-CA9 -> 0 | CD9: 2 | CE9: =Partici!L36 -> 0 | CF9: =VLOOKUP(CE9,'DIA 11'!$B$59:$C$126,2,0) -> 0 | CG9: =$CF$8-CF9 -> 0 | CI9: 2 | CJ9: =Partici!M36 -> 0 | CK9: =VLOOKUP(CJ9,'DIA 12'!$B$59:$C$126,2,0) -> 0 | CL9: =$CK$8-CK9 -> 0 | CN9: 2 | CO9: =Partici!N36 -> 0 | CP9: =VLOOKUP(CO9,'24 12 23. CLUB'!$B$59:$C$126,2,0) -> 0 | CQ9: =$CP$8-CP9 -> 0
A10: 3 | B10: =+Partici!B14 -> TRES COPAS | C10: ='DIA 1'!$AC$31 -> 1.1 | D10: ='DIA 2'!$AC$31 -> 0 | E10: ='DIA 3'!$AC$31 -> 0 | F10: ='DIA 4'!$AC$31 -> 0 | G10: ='DIA 5'!$AC$31 -> 0 | H10: ='DIA 6'!$AC$31 -> 0 | I10: ='DIA 7'!$AC$31 -> 0 | J10: ='DIA 8'!$AC$31 -> 0 | K10: ='DIA 9'!$AC$31 -> 0 | L10: ='DIA 10'!$AC$31 -> 0 | M10: ='DIA 11'!$AC$31 -> 0 | N10: ='DIA 12'!$AC$31 -> 0 | O10: ='24 12 23. CLUB'!$AC$31 -> 0 | P10: ='Dia14'!$AC$26 -> 0 | Q10: ='Dia15'!$AC$26 -> 0 | R10: ='Dia16'!$AC$26 -> 0 | S10: ='Dia17'!$AC$26 -> 0 | T10: ='Dia18'!$AC$26 -> 0 | U10: ='Dia19'!$AC$26 -> 0 | V10: ='Dia20'!$AC$26 -> 0 | W10: =SUM(Tabla1[[#This Row],[05-mar]:[10-jul20]]) -> 1.1 | X10: =$W$8-Tabla1[[#This Row],[TOTAL]] -> 0 | Z10: CASTAÑO | AA10: 24.1 | AB10: 60 | AC10: 51.7 | AD10: 71.5 | AF10: 3 | AG10: =Partici!B43 -> 0 | AH10: =VLOOKUP(AG10,'DIA 1'!#REF!,2,0) -> #REF! | AI10: =$AH$8-AH10 -> #REF! | AK10: 3 | AL10: =Partici!C41 -> 0 | AM10: =VLOOKUP(AL10,'DIA 2'!$B$59:$C$126,2,0) -> 0 | AN10: =$AM$8-AM10 -> 0 | AP10: 3 | AQ10: =Partici!D39 -> 0 | AR10: =VLOOKUP(AQ10,'DIA 3'!$B$59:$C$126,2,0) -> 0 | AS10: =$AR$8-AR10 -> 0 | AU10: 3 | AV10: =Partici!E37 -> 0 | AW10: =VLOOKUP(AV10,'DIA 4'!$B$59:$C$126,2,0) -> 0 | AX10: =$AW$8-AW10 -> 0 | AZ10: 3 | BA10: =Partici!F43 -> 0 | BB10: =VLOOKUP(BA10,'DIA 5'!$B$59:$C$126,2,0) -> 0 | BC10: =$BB$8-BB10 -> 0 | BE10: 3 | BF10: =Partici!G43 -> 0 | BG10: =VLOOKUP(BF10,'DIA 6'!$B$59:$C$126,2,0) -> 0 | BH10: =$BG$8-BG10 -> 0 | BJ10: 3 | BK10: =Partici!H43 -> 0 | BL10: =VLOOKUP(BK10,'DIA 7'!$B$59:$C$126,2,0) -> 0 | BM10: =$BL$8-BL10 -> 0 | BO10: 3 | BP10: =Partici!I43 -> 0 | BQ10: =VLOOKUP(BP10,'DIA 8'!$B$59:$C$126,2,0) -> 0 | BR10: =$BQ$8-BQ10 -> 0 | BT10: 3 | BU10: =Partici!J43 -> 0 | BV10: =VLOOKUP(BU10,'DIA 9'!$B$59:$C$126,2,0) -> 0 | BW10: =$BV$8-BV10 -> 0 | BY10: 3 | BZ10: =Partici!K43 -> 0 | CA10: =VLOOKUP(BZ10,'DIA 10'!$B$59:$C$126,2,0) -> 0 | CB10: =$CA$8-CA10 -> 0 | CD10: 3 | CE10: =Partici!L43 -> 0 | CF10: =VLOOKUP(CE10,'DIA 11'!$B$59:$C$126,2,0) -> 0 | CG10: =$CF$8-CF10 -> 0 | CI10: 3 | CJ10: =Partici!M43 -> 0 | CK10: =VLOOKUP(CJ10,'DIA 12'!$B$59:$C$126,2,0) -> 0 | CL10: =$CK$8-CK10 -> 0 | CN10: 3 | CO10: =Partici!N43 -> 0 | CP10: =VLOOKUP(CO10,'24 12 23. CLUB'!$B$59:$C$126,2,0) -> 0 | CQ10: =$CP$8-CP10 -> 0
A11: 4 | B11: =+Partici!B6 -> SALVAYORK | C11: ='DIA 1'!$AC$15 -> 9.7 | D11: ='DIA 2'!$AC$15 -> 0 | E11: ='DIA 3'!$AC$15 -> 0 | F11: ='DIA 4'!$AC$15 -> 0 | G11: ='DIA 5'!$AC$15 -> 0 | H11: ='DIA 6'!$AC$15 -> 0 | I11: ='DIA 7'!$AC$15 -> 0 | J11: ='DIA 8'!$AC$15 -> 0 | K11: ='DIA 9'!$AC$15 -> 0 | L11: ='DIA 10'!$AC$15 -> 0 | M11: ='DIA 11'!$AC$15 -> 0 | N11: ='DIA 12'!$AC$15 -> 0 | O11: ='24 12 23. CLUB'!$AC$15 -> 0 | P11: ='Dia14'!$AC$10 -> 0 | Q11: ='Dia15'!$AC$10 -> 0 | R11: ='Dia16'!$AC$10 -> 0 | S11: ='Dia17'!$AC$10 -> 0 | T11: ='Dia18'!$AC$10 -> 0 | U11: ='Dia19'!$AC$10 -> 0 | V11: ='Dia20'!$AC$10 -> 0 | W11: =SUM(Tabla1[[#This Row],[05-mar]:[10-jul20]]) -> 9.7 | X11: =$W$8-Tabla1[[#This Row],[TOTAL]] -> -8.6 | Z11: NANO | AA11: 67.2 | AB11: 42.5 | AC11: 67.3 | AD11: 27.8 | AF11: 4 | AG11: =Partici!B36 -> 0 | AH11: =VLOOKUP(AG11,'DIA 1'!#REF!,2,0) -> #REF! | AI11: =$AH$8-AH11 -> #REF! | AK11: 4 | AL11: =Partici!C45 -> 0 | AM11: =VLOOKUP(AL11,'DIA 2'!$B$59:$C$126,2,0) -> 0 | AN11: =$AM$8-AM11 -> 0 | AP11: 4 | AQ11: =Partici!D42 -> 0 | AR11: =VLOOKUP(AQ11,'DIA 3'!$B$59:$C$126,2,0) -> 0 | AS11: =$AR$8-AR11 -> 0 | AU11: 4 | AV11: =Partici!E42 -> 0 | AW11: =VLOOKUP(AV11,'DIA 4'!$B$59:$C$126,2,0) -> 0 | AX11: =$AW$8-AW11 -> 0 | AZ11: 4 | BA11: =Partici!F45 -> 0 | BB11: =VLOOKUP(BA11,'DIA 5'!$B$59:$C$126,2,0) -> 0 | BC11: =$BB$8-BB11 -> 0 | BE11: 4 | BF11: =Partici!G45 -> 0 | BG11: =VLOOKUP(BF11,'DIA 6'!$B$59:$C$126,2,0) -> 0 | BH11: =$BG$8-BG11 -> 0 | BJ11: 4 | BK11: =Partici!H45 -> 0 | BL11: =VLOOKUP(BK11,'DIA 7'!$B$59:$C$126,2,0) -> 0 | BM11: =$BL$8-BL11 -> 0 | BO11: 4 | BP11: =Partici!I45 -> 0 | BQ11: =VLOOKUP(BP11,'DIA 8'!$B$59:$C$126,2,0) -> 0 | BR11: =$BQ$8-BQ11 -> 0 | BT11: 4 | BU11: =Partici!J45 -> 0 | BV11: =VLOOKUP(BU11,'DIA 9'!$B$59:$C$126,2,0) -> 0 | BW11: =$BV$8-BV11 -> 0 | BY11: 4 | BZ11: =Partici!K45 -> 0 | CA11: =VLOOKUP(BZ11,'DIA 10'!$B$59:$C$126,2,0) -> 0 | CB11: =$CA$8-CA11 -> 0 | CD11: 4 | CE11: =Partici!L45 -> 0 | CF11: =VLOOKUP(CE11,'DIA 11'!$B$59:$C$126,2,0) -> 0 | CG11: =$CF$8-CF11 -> 0 | CI11: 4 | CJ11: =Partici!M45 -> 0 | CK11: =VLOOKUP(CJ11,'DIA 12'!$B$59:$C$126,2,0) -> 0 | CL11: =$CK$8-CK11 -> 0 | CN11: 4 | CO11: =Partici!N45 -> 0 | CP11: =VLOOKUP(CO11,'24 12 23. CLUB'!$B$59:$C$126,2,0) -> 0 | CQ11: =$CP$8-CP11 -> 0
A12: 5 | B12: =+Partici!B17 -> MANZOR | C12: ='DIA 1'!$AC$37 -> 1.1 | D12: ='DIA 2'!$AC$37 -> 0 | E12: ='DIA 3'!$AC$37 -> 0 | F12: ='DIA 4'!$AC$37 -> 0 | G12: ='DIA 5'!$AC$37 -> 0 | H12: ='DIA 6'!$AC$37 -> 0 | I12: ='DIA 7'!$AC$37 -> 0 | J12: ='DIA 8'!$AC$37 -> 0 | K12: ='DIA 9'!$AC$37 -> 0 | L12: ='DIA 10'!$AC$37 -> 0 | M12: ='DIA 11'!$AC$37 -> 0 | N12: ='DIA 12'!$AC$37 -> 0 | O12: ='24 12 23. CLUB'!$AC$37 -> 0 | P12: ='Dia14'!$AC$32 -> 0 | Q12: ='Dia15'!$AC$32 -> 0 | R12: ='Dia16'!$AC$32 -> 0 | S12: ='Dia17'!$AC$32 -> 0 | T12: ='Dia18'!$AC$32 -> 0 | U12: ='Dia19'!$AC$32 -> 0 | V12: ='Dia20'!$AC$32 -> 0 | W12: =SUM(Tabla1[[#This Row],[05-mar]:[10-jul20]]) -> 1.1 | X12: =$W$8-Tabla1[[#This Row],[TOTAL]] -> 0 | Z12: FERNANDA | AA12: 37.7 | AB12: 28.9 | AC12: 41.3 | AD12: 89.9 | AF12: 5 | AG12: =Partici!B41 -> 0 | AH12: =VLOOKUP(AG12,'DIA 1'!#REF!,2,0) -> #REF! | AI12: =$AH$8-AH12 -> #REF! | AK12: 5 | AL12: =Partici!C46 -> 0 | AM12: =VLOOKUP(AL12,'DIA 2'!$B$59:$C$126,2,0) -> 0 | AN12: =$AM$8-AM12 -> 0 | AP12: 5 | AQ12: =Partici!D45 -> 0 | AR12: =VLOOKUP(AQ12,'DIA 3'!$B$59:$C$126,2,0) -> 0 | AS12: =$AR$8-AR12 -> 0 | AU12: 5 | AV12: =Partici!E46 -> 0 | AW12: =VLOOKUP(AV12,'DIA 4'!$B$59:$C$126,2,0) -> 0 | AX12: =$AW$8-AW12 -> 0 | AZ12: 5 | BA12: =Partici!F38 -> 0 | BB12: =VLOOKUP(BA12,'DIA 5'!$B$59:$C$126,2,0) -> 0 | BC12: =$BB$8-BB12 -> 0 | BE12: 5 | BF12: =Partici!G38 -> 0 | BG12: =VLOOKUP(BF12,'DIA 6'!$B$59:$C$126,2,0) -> 0 | BH12: =$BG$8-BG12 -> 0 | BJ12: 5 | BK12: =Partici!H38 -> 0 | BL12: =VLOOKUP(BK12,'DIA 7'!$B$59:$C$126,2,0) -> 0 | BM12: =$BL$8-BL12 -> 0 | BO12: 5 | BP12: =Partici!I38 -> 0 | BQ12: =VLOOKUP(BP12,'DIA 8'!$B$59:$C$126,2,0) -> 0 | BR12: =$BQ$8-BQ12 -> 0 | BT12: 5 | BU12: =Partici!J38 -> 0 | BV12: =VLOOKUP(BU12,'DIA 9'!$B$59:$C$126,2,0) -> 0 | BW12: =$BV$8-BV12 -> 0 | BY12: 5 | BZ12: =Partici!K38 -> 0 | CA12: =VLOOKUP(BZ12,'DIA 10'!$B$59:$C$126,2,0) -> 0 | CB12: =$CA$8-CA12 -> 0 | CD12: 5 | CE12: =Partici!L38 -> 0 | CF12: =VLOOKUP(CE12,'DIA 11'!$B$59:$C$126,2,0) -> 0 | CG12: =$CF$8-CF12 -> 0 | CI12: 5 | CJ12: =Partici!M38 -> 0 | CK12: =VLOOKUP(CJ12,'DIA 12'!$B$59:$C$126,2,0) -> 0 | CL12: =$CK$8-CK12 -> 0 | CN12: 5 | CO12: =Partici!N38 -> 0 | CP12: =VLOOKUP(CO12,'24 12 23. CLUB'!$B$59:$C$126,2,0) -> 0 | CQ12: =$CP$8-CP12 -> 0
A13: 6 | B13: =+Partici!B18 -> ARRE DEMONIO | C13: ='DIA 1'!$AC$39 -> 0 | D13: ='DIA 2'!$AC$39 -> 0 | E13: ='DIA 3'!$AC$39 -> 0 | F13: ='DIA 4'!$AC$39 -> 0 | G13: ='DIA 5'!$AC$39 -> 0 | H13: ='DIA 6'!$AC$39 -> 0 | I13: ='DIA 7'!$AC$39 -> 0 | J13: ='DIA 8'!$AC$39 -> 0 | K13: ='DIA 9'!$AC$39 -> 0 | L13: ='DIA 10'!$AC$39 -> 0 | M13: ='DIA 11'!$AC$39 -> 0 | N13: ='DIA 12'!$AC$39 -> 0 | O13: ='24 12 23. CLUB'!$AC$39 -> 0 | P13: ='Dia14'!$AC$34 -> 0 | Q13: ='Dia15'!$AC$34 -> 0 | R13: ='Dia16'!$AC$34 -> 0 | S13: ='Dia17'!$AC$34 -> 0 | T13: ='Dia18'!$AC$34 -> 0 | U13: ='Dia19'!$AC$34 -> 0 | V13: ='Dia20'!$AC$34 -> 0 | W13: =SUM(Tabla1[[#This Row],[05-mar]:[10-jul20]]) -> 0 | X13: =$W$8-Tabla1[[#This Row],[TOTAL]] -> 1.1 | Z13: SERVIFRENOS | AA13: 44.2 | AB13: 55.1 | AC13: 49.2 | AD13: 48.7 | AF13: 6 | AG13: =Partici!B38 -> 0 | AH13: =VLOOKUP(AG13,'DIA 1'!#REF!,2,0) -> #REF! | AI13: =$AH$8-AH13 -> #REF! | AK13: 6 | AL13: =Partici!C36 -> 0 | AM13: =VLOOKUP(AL13,'DIA 2'!$B$59:$C$126,2,0) -> 0 | AN13: =$AM$8-AM13 -> 0 | AP13: 6 | AQ13: =Partici!D48 -> 0 | AR13: =VLOOKUP(AQ13,'DIA 3'!$B$59:$C$126,2,0) -> 0 | AS13: =$AR$8-AR13 -> 0 | AU13: 6 | AV13: =Partici!E45 -> 0 | AW13: =VLOOKUP(AV13,'DIA 4'!$B$59:$C$126,2,0) -> 0 | AX13: =$AW$8-AW13 -> 0 | AZ13: 6 | BA13: =Partici!F55 -> 0 | BB13: =VLOOKUP(BA13,'DIA 5'!$B$59:$C$126,2,0) -> 0 | BC13: =$BB$8-BB13 -> 0 | BE13: 6 | BF13: =Partici!G55 -> 0 | BG13: =VLOOKUP(BF13,'DIA 6'!$B$59:$C$126,2,0) -> 0 | BH13: =$BG$8-BG13 -> 0 | BJ13: 6 | BK13: =Partici!H55 -> 0 | BL13: =VLOOKUP(BK13,'DIA 7'!$B$59:$C$126,2,0) -> 0 | BM13: =$BL$8-BL13 -> 0 | BO13: 6 | BP13: =Partici!I55 -> 0 | BQ13: =VLOOKUP(BP13,'DIA 8'!$B$59:$C$126,2,0) -> 0 | BR13: =$BQ$8-BQ13 -> 0 | BT13: 6 | BU13: =Partici!J55 -> 0 | BV13: =VLOOKUP(BU13,'DIA 9'!$B$59:$C$126,2,0) -> 0 | BW13: =$BV$8-BV13 -> 0 | BY13: 6 | BZ13: =Partici!K55 -> 0 | CA13: =VLOOKUP(BZ13,'DIA 10'!$B$59:$C$126,2,0) -> 0 | CB13: =$CA$8-CA13 -> 0 | CD13: 6 | CE13: =Partici!L55 -> 0 | CF13: =VLOOKUP(CE13,'DIA 11'!$B$59:$C$126,2,0) -> 0 | CG13: =$CF$8-CF13 -> 0 | CI13: 6 | CJ13: =Partici!M55 -> 0 | CK13: =VLOOKUP(CJ13,'DIA 12'!$B$59:$C$126,2,0) -> 0 | CL13: =$CK$8-CK13 -> 0 | CN13: 6 | CO13: =Partici!N55 -> 0 | CP13: =VLOOKUP(CO13,'24 12 23. CLUB'!$B$59:$C$126,2,0) -> 0 | CQ13: =$CP$8-CP13 -> 0
A14: 7 | B14: =+Partici!B9 -> AUMENTA MEDINA | C14: ='DIA 1'!$AC$21 -> 1.1 | D14: ='DIA 2'!$AC$21 -> 0 | E14: ='DIA 3'!$AC$21 -> 0 | F14: ='DIA 4'!$AC$21 -> 0 | G14: ='DIA 5'!$AC$21 -> 0 | H14: ='DIA 6'!$AC$21 -> 0 | I14: ='DIA 7'!$AC$21 -> 0 | J14: ='DIA 8'!$AC$21 -> 0 | K14: ='DIA 9'!$AC$21 -> 0 | L14: ='DIA 10'!$AC$21 -> 0 | M14: ='DIA 11'!$AC$21 -> 0 | N14: ='DIA 12'!$AC$21 -> 0 | O14: ='24 12 23. CLUB'!$AC$21 -> 0 | P14: ='Dia14'!$AC$16 -> 0 | Q14: ='Dia15'!$AC$16 -> 0 | R14: ='Dia16'!$AC$16 -> 0 | S14: ='Dia17'!$AC$16 -> 0 | T14: ='Dia18'!$AC$16 -> 0 | U14: ='Dia19'!$AC$16 -> 0 | V14: ='Dia20'!$AC$16 -> 0 | W14: =SUM(Tabla1[[#This Row],[05-mar]:[10-jul20]]) -> 1.1 | X14: =$W$8-Tabla1[[#This Row],[TOTAL]] -> 0 | Z14: KOKE | AA14: 48.6 | AB14: 54.9 | AC14: 50.1 | AD14: 41.8 | AF14: 7 | AG14: =Partici!B37 -> 0 | AH14: =VLOOKUP(AG14,'DIA 1'!#REF!,2,0) -> #REF! | AI14: =$AH$8-AH14 -> #REF! | AK14: 7 | AL14: =Partici!C39 -> 0 | AM14: =VLOOKUP(AL14,'DIA 2'!$B$59:$C$126,2,0) -> 0 | AN14: =$AM$8-AM14 -> 0 | AP14: 7 | AQ14: =Partici!D46 -> 0 | AR14: =VLOOKUP(AQ14,'DIA 3'!$B$59:$C$126,2,0) -> 0 | AS14: =$AR$8-AR14 -> 0 | AU14: 7 | AV14: =Partici!E47 -> 0 | AW14: =VLOOKUP(AV14,'DIA 4'!$B$59:$C$126,2,0) -> 0 | AX14: =$AW$8-AW14 -> 0 | AZ14: 7 | BA14: =Partici!F50 -> 0 | BB14: =VLOOKUP(BA14,'DIA 5'!$B$59:$C$126,2,0) -> 0 | BC14: =$BB$8-BB14 -> 0 | BE14: 7 | BF14: =Partici!G50 -> 0 | BG14: =VLOOKUP(BF14,'DIA 6'!$B$59:$C$126,2,0) -> 0 | BH14: =$BG$8-BG14 -> 0 | BJ14: 7 | BK14: =Partici!H50 -> 0 | BL14: =VLOOKUP(BK14,'DIA 7'!$B$59:$C$126,2,0) -> 0 | BM14: =$BL$8-BL14 -> 0 | BO14: 7 | BP14: =Partici!I50 -> 0 | BQ14: =VLOOKUP(BP14,'DIA 8'!$B$59:$C$126,2,0) -> 0 | BR14: =$BQ$8-BQ14 -> 0 | BT14: 7 | BU14: =Partici!J50 -> 0 | BV14: =VLOOKUP(BU14,'DIA 9'!$B$59:$C$126,2,0) -> 0 | BW14: =$BV$8-BV14 -> 0 | BY14: 7 | BZ14: =Partici!K50 -> 0 | CA14: =VLOOKUP(BZ14,'DIA 10'!$B$59:$C$126,2,0) -> 0 | CB14: =$CA$8-CA14 -> 0 | CD14: 7 | CE14: =Partici!L50 -> 0 | CF14: =VLOOKUP(CE14,'DIA 11'!$B$59:$C$126,2,0) -> 0 | CG14: =$CF$8-CF14 -> 0 | CI14: 7 | CJ14: =Partici!M50 -> 0 | CK14: =VLOOKUP(CJ14,'DIA 12'!$B$59:$C$126,2,0) -> 0 | CL14: =$CK$8-CK14 -> 0 | CN14: 7 | CO14: =Partici!N50 -> 0 | CP14: =VLOOKUP(CO14,'24 12 23. CLUB'!$B$59:$C$126,2,0) -> 0 | CQ14: =$CP$8-CP14 -> 0
A15: 8 | B15: =+Partici!B19 -> SOSAMAFIA | C15: ='DIA 1'!$AC$41 -> 0 | D15: ='DIA 2'!$AC$41 -> 0 | E15: ='DIA 3'!$AC$41 -> 0 | F15: ='DIA 4'!$AC$41 -> 0 | G15: ='DIA 5'!$AC$41 -> 0 | H15: ='DIA 6'!$AC$41 -> 0 | I15: ='DIA 7'!$AC$41 -> 0 | J15: ='DIA 8'!$AC$41 -> 0 | K15: ='DIA 9'!$AC$41 -> 0 | L15: ='DIA 10'!$AC$41 -> 0 | M15: ='DIA 11'!$AC$41 -> 0 | N15: ='DIA 12'!$AC$41 -> 0 | O15: ='24 12 23. CLUB'!$AC$41 -> 0 | P15: ='Dia14'!$AC$36 -> 0 | Q15: ='Dia15'!$AC$36 -> 0 | R15: ='Dia16'!$AC$36 -> 0 | S15: ='Dia17'!$AC$36 -> 0 | T15: ='Dia18'!$AC$36 -> 0 | U15: ='Dia19'!$AC$36 -> 0 | V15: ='Dia20'!$AC$36 -> 0 | W15: =SUM(Tabla1[[#This Row],[05-mar]:[10-jul20]]) -> 0 | X15: =$W$8-Tabla1[[#This Row],[TOTAL]] -> 1.1 | Z15: AUMENTA MEDINA | AA15: 74.1 | AB15: 26.1 | AC15: 43.7 | AD15: 46 | AF15: 8 | AG15: =Partici!B35 -> 0 | AH15: =VLOOKUP(AG15,'DIA 1'!#REF!,2,0) -> #REF! | AI15: =$AH$8-AH15 -> #REF! | AK15: 8 | AL15: =Partici!C35 -> 0 | AM15: =VLOOKUP(AL15,'DIA 2'!$B$59:$C$126,2,0) -> 0 | AN15: =$AM$8-AM15 -> 0 | AP15: 8 | AQ15: =Partici!D49 -> 0 | AR15: =VLOOKUP(AQ15,'DIA 3'!$B$59:$C$126,2,0) -> 0 | AS15: =$AR$8-AR15 -> 0 | AU15: 8 | AV15: =Partici!E44 -> 0 | AW15: =VLOOKUP(AV15,'DIA 4'!$B$59:$C$126,2,0) -> 0 | AX15: =$AW$8-AW15 -> 0 | AZ15: 8 | BA15: =Partici!F44 -> 0 | BB15: =VLOOKUP(BA15,'DIA 5'!$B$59:$C$126,2,0) -> 0 | BC15: =$BB$8-BB15 -> 0 | BE15: 8 | BF15: =Partici!G44 -> 0 | BG15: =VLOOKUP(BF15,'DIA 6'!$B$59:$C$126,2,0) -> 0 | BH15: =$BG$8-BG15 -> 0 | BJ15: 8 | BK15: =Partici!H44 -> 0 | BL15: =VLOOKUP(BK15,'DIA 7'!$B$59:$C$126,2,0) -> 0 | BM15: =$BL$8-BL15 -> 0 | BO15: 8 | BP15: =Partici!I44 -> 0 | BQ15: =VLOOKUP(BP15,'DIA 8'!$B$59:$C$126,2,0) -> 0 | BR15: =$BQ$8-BQ15 -> 0 | BT15: 8 | BU15: =Partici!J44 -> 0 | BV15: =VLOOKUP(BU15,'DIA 9'!$B$59:$C$126,2,0) -> 0 | BW15: =$BV$8-BV15 -> 0 | BY15: 8 | BZ15: =Partici!K44 -> 0 | CA15: =VLOOKUP(BZ15,'DIA 10'!$B$59:$C$126,2,0) -> 0 | CB15: =$CA$8-CA15 -> 0 | CD15: 8 | CE15: =Partici!L44 -> 0 | CF15: =VLOOKUP(CE15,'DIA 11'!$B$59:$C$126,2,0) -> 0 | CG15: =$CF$8-CF15 -> 0 | CI15: 8 | CJ15: =Partici!M44 -> 0 | CK15: =VLOOKUP(CJ15,'DIA 12'!$B$59:$C$126,2,0) -> 0 | CL15: =$CK$8-CK15 -> 0 | CN15: 8 | CO15: =Partici!N44 -> 0 | CP15: =VLOOKUP(CO15,'24 12 23. CLUB'!$B$59:$C$126,2,0) -> 0 | CQ15: =$CP$8-CP15 -> 0
A16: 9 | B16: =+Partici!B12 -> SERVIFRENOS | C16: ='DIA 1'!$AC$27 -> 0 | D16: ='DIA 2'!$AC$27 -> 0 | E16: ='DIA 3'!$AC$27 -> 0 | F16: ='DIA 4'!$AC$27 -> 0 | G16: ='DIA 5'!$AC$27 -> 0 | H16: ='DIA 6'!$AC$27 -> 0 | I16: ='DIA 7'!$AC$27 -> 0 | J16: ='DIA 8'!$AC$27 -> 0 | K16: ='DIA 9'!$AC$27 -> 0 | L16: ='DIA 10'!$AC$27 -> 0 | M16: ='DIA 11'!$AC$27 -> 0 | N16: ='DIA 12'!$AC$27 -> 0 | O16: ='24 12 23. CLUB'!$AC$27 -> 0 | P16: ='Dia14'!$AC$22 -> 0 | Q16: ='Dia15'!$AC$22 -> 0 | R16: ='Dia16'!$AC$22 -> 0 | S16: ='Dia17'!$AC$22 -> 0 | T16: ='Dia18'!$AC$22 -> 0 | U16: ='Dia19'!$AC$22 -> 0 | V16: ='Dia20'!$AC$22 -> 0 | W16: =SUM(Tabla1[[#This Row],[05-mar]:[10-jul20]]) -> 0 | X16: =$W$8-Tabla1[[#This Row],[TOTAL]] -> 1.1 | Z16: COSMITO | AA16: 18.5 | AB16: 67 | AC16: 68.4 | AD16: 26.9 | AF16: 9 | AG16: =Partici!B42 -> 0 | AH16: =VLOOKUP(AG16,'DIA 1'!#REF!,2,0) -> #REF! | AI16: =$AH$8-AH16 -> #REF! | AK16: 9 | AL16: =Partici!C43 -> 0 | AM16: =VLOOKUP(AL16,'DIA 2'!$B$59:$C$126,2,0) -> 0 | AN16: =$AM$8-AM16 -> 0 | AP16: 9 | AQ16: =Partici!D40 -> 0 | AR16: =VLOOKUP(AQ16,'DIA 3'!$B$59:$C$126,2,0) -> 0 | AS16: =$AR$8-AR16 -> 0 | AU16: 9 | AV16: =Partici!E43 -> 0 | AW16: =VLOOKUP(AV16,'DIA 4'!$B$59:$C$126,2,0) -> 0 | AX16: =$AW$8-AW16 -> 0 | AZ16: 9 | BA16: =Partici!F40 -> 0 | BB16: =VLOOKUP(BA16,'DIA 5'!$B$59:$C$126,2,0) -> 0 | BC16: =$BB$8-BB16 -> 0 | BE16: 9 | BF16: =Partici!G40 -> 0 | BG16: =VLOOKUP(BF16,'DIA 6'!$B$59:$C$126,2,0) -> 0 | BH16: =$BG$8-BG16 -> 0 | BJ16: 9 | BK16: =Partici!H40 -> 0 | BL16: =VLOOKUP(BK16,'DIA 7'!$B$59:$C$126,2,0) -> 0 | BM16: =$BL$8-BL16 -> 0 | BO16: 9 | BP16: =Partici!I40 -> 0 | BQ16: =VLOOKUP(BP16,'DIA 8'!$B$59:$C$126,2,0) -> 0 | BR16: =$BQ$8-BQ16 -> 0 | BT16: 9 | BU16: =Partici!J40 -> 0 | BV16: =VLOOKUP(BU16,'DIA 9'!$B$59:$C$126,2,0) -> 0 | BW16: =$BV$8-BV16 -> 0 | BY16: 9 | BZ16: =Partici!K40 -> 0 | CA16: =VLOOKUP(BZ16,'DIA 10'!$B$59:$C$126,2,0) -> 0 | CB16: =$CA$8-CA16 -> 0 | CD16: 9 | CE16: =Partici!L40 -> 0 | CF16: =VLOOKUP(CE16,'DIA 11'!$B$59:$C$126,2,0) -> 0 | CG16: =$CF$8-CF16 -> 0 | CI16: 9 | CJ16: =Partici!M40 -> 0 | CK16: =VLOOKUP(CJ16,'DIA 12'!$B$59:$C$126,2,0) -> 0 | CL16: =$CK$8-CK16 -> 0 | CN16: 9 | CO16: =Partici!N40 -> 0 | CP16: =VLOOKUP(CO16,'24 12 23. CLUB'!$B$59:$C$126,2,0) -> 0 | CQ16: =$CP$8-CP16 -> 0
A17: 10 | B17: =+Partici!B4 -> TRINIDAD | C17: ='DIA 1'!$AC$11 -> 0 | D17: ='DIA 2'!$AC$11 -> 0 | E17: ='DIA 3'!$AC$11 -> 0 | F17: ='DIA 4'!$AC$11 -> 0 | G17: ='DIA 5'!$AC$11 -> 0 | H17: ='DIA 6'!$AC$11 -> 0 | I17: ='DIA 7'!$AC$11 -> 0 | J17: ='DIA 8'!$AC$11 -> 0 | K17: ='DIA 9'!$AC$11 -> 0 | L17: ='DIA 10'!$AC$11 -> 0 | M17: ='DIA 11'!$AC$11 -> 0 | N17: ='DIA 12'!$AC$11 -> 0 | O17: ='24 12 23. CLUB'!$AC$11 -> 0 | P17: ='Dia14'!$AC$6 -> 0 | Q17: ='Dia15'!$AC$6 -> 0 | R17: ='Dia16'!$AC$6 -> 0 | S17: ='Dia17'!$AC$6 -> 0 | T17: ='Dia18'!$AC$6 -> 0 | U17: ='Dia19'!$AC$6 -> 0 | V17: ='Dia20'!$AC$6 -> 0 | W17: =SUM(Tabla1[[#This Row],[05-mar]:[10-jul20]]) -> 0 | X17: =$W$8-Tabla1[[#This Row],[TOTAL]] -> 1.1 | Z17: EL SIETE DE LA SUERTE | AA17: 40.8 | AB17: 43.5 | AC17: 61.1 | AD17: 35.4 | AF17: 10 | AG17: =Partici!B45 -> 0 | AH17: =VLOOKUP(AG17,'DIA 1'!#REF!,2,0) -> #REF! | AI17: =$AH$8-AH17 -> #REF! | AK17: 10 | AL17: =Partici!C42 -> 0 | AM17: =VLOOKUP(AL17,'DIA 2'!$B$59:$C$126,2,0) -> 0 | AN17: =$AM$8-AM17 -> 0 | AP17: 10 | AQ17: =Partici!D37 -> 0 | AR17: =VLOOKUP(AQ17,'DIA 3'!$B$59:$C$126,2,0) -> 0 | AS17: =$AR$8-AR17 -> 0 | AU17: 10 | AV17: =Partici!E39 -> 0 | AW17: =VLOOKUP(AV17,'DIA 4'!$B$59:$C$126,2,0) -> 0 | AX17: =$AW$8-AW17 -> 0 | AZ17: 10 | BA17: =Partici!F48 -> 0 | BB17: =VLOOKUP(BA17,'DIA 5'!$B$59:$C$126,2,0) -> 0 | BC17: =$BB$8-BB17 -> 0 | BE17: 10 | BF17: =Partici!G48 -> 0 | BG17: =VLOOKUP(BF17,'DIA 6'!$B$59:$C$126,2,0) -> 0 | BH17: =$BG$8-BG17 -> 0 | BJ17: 10 | BK17: =Partici!H48 -> 0 | BL17: =VLOOKUP(BK17,'DIA 7'!$B$59:$C$126,2,0) -> 0 | BM17: =$BL$8-BL17 -> 0 | BO17: 10 | BP17: =Partici!I48 -> 0 | BQ17: =VLOOKUP(BP17,'DIA 8'!$B$59:$C$126,2,0) -> 0 | BR17: =$BQ$8-BQ17 -> 0 | BT17: 10 | BU17: =Partici!J48 -> 0 | BV17: =VLOOKUP(BU17,'DIA 9'!$B$59:$C$126,2,0) -> 0 | BW17: =$BV$8-BV17 -> 0 | BY17: 10 | BZ17: =Partici!K48 -> 0 | CA17: =VLOOKUP(BZ17,'DIA 10'!$B$59:$C$126,2,0) -> 0 | CB17: =$CA$8-CA17 -> 0 | CD17: 10 | CE17: =Partici!L48 -> 0 | CF17: =VLOOKUP(CE17,'DIA 11'!$B$59:$C$126,2,0) -> 0 | CG17: =$CF$8-CF17 -> 0 | CI17: 10 | CJ17: =Partici!M48 -> 0 | CK17: =VLOOKUP(CJ17,'DIA 12'!$B$59:$C$126,2,0) -> 0 | CL17: =$CK$8-CK17 -> 0 | CN17: 10 | CO17: =Partici!N48 -> 0 | CP17: =VLOOKUP(CO17,'24 12 23. CLUB'!$B$59:$C$126,2,0) -> 0 | CQ17: =$CP$8-CP17 -> 0
A18: 11 | B18: =+Partici!B20 -> MIS SOBRINOS | C18: ='DIA 1'!$AC$43 -> 3.9 | D18: ='DIA 2'!$AC$43 -> 0 | E18: ='DIA 3'!$AC$43 -> 0 | F18: ='DIA 4'!$AC$43 -> 0 | G18: ='DIA 5'!$AC$43 -> 0 | H18: ='DIA 6'!$AC$43 -> 0 | I18: ='DIA 7'!$AC$43 -> 0 | J18: ='DIA 8'!$AC$43 -> 0 | K18: ='DIA 9'!$AC$43 -> 0 | L18: ='DIA 10'!$AC$43 -> 0 | M18: ='DIA 11'!$AC$43 -> 0 | N18: ='DIA 12'!$AC$43 -> 0 | O18: ='24 12 23. CLUB'!$AC$43 -> 0 | P18: ='Dia14'!$AC$38 -> 0 | Q18: ='Dia15'!$AC$38 -> 0 | R18: ='Dia16'!$AC$38 -> 0 | S18: ='Dia17'!$AC$38 -> 0 | T18: ='Dia18'!$AC$38 -> 0 | U18: ='Dia19'!$AC$38 -> 0 | V18: ='Dia20'!$AC$38 -> 0 | W18: =SUM(Tabla1[[#This Row],[05-mar]:[10-jul20]]) -> 3.9 | X18: =$W$8-Tabla1[[#This Row],[TOTAL]] -> -2.8 | Z18: VOLVIO MEDINA | AA18: 76.1 | AB18: 36.6 | AC18: 40.8 | AD18: 24.9 | AF18: 11 | AG18: =Partici!B40 -> 0 | AH18: =VLOOKUP(AG18,'DIA 1'!#REF!,2,0) -> #REF! | AI18: =$AH$8-AH18 -> #REF! | AK18: 11 | AL18: =Partici!C40 -> 0 | AM18: =VLOOKUP(AL18,'DIA 2'!$B$59:$C$126,2,0) -> 0 | AN18: =$AM$8-AM18 -> 0 | AP18: 11 | AQ18: =Partici!D44 -> 0 | AR18: =VLOOKUP(AQ18,'DIA 3'!$B$59:$C$126,2,0) -> 0 | AS18: =$AR$8-AR18 -> 0 | AU18: 11 | AV18: =Partici!E35 -> 0 | AW18: =VLOOKUP(AV18,'DIA 4'!$B$59:$C$126,2,0) -> 0 | AX18: =$AW$8-AW18 -> 0 | AZ18: 11 | BA18: =Partici!F51 -> 0 | BB18: =VLOOKUP(BA18,'DIA 5'!$B$59:$C$126,2,0) -> 0 | BC18: =$BB$8-BB18 -> 0 | BE18: 11 | BF18: =Partici!G51 -> 0 | BG18: =VLOOKUP(BF18,'DIA 6'!$B$59:$C$126,2,0) -> 0 | BH18: =$BG$8-BG18 -> 0 | BJ18: 11 | BK18: =Partici!H51 -> 0 | BL18: =VLOOKUP(BK18,'DIA 7'!$B$59:$C$126,2,0) -> 0 | BM18: =$BL$8-BL18 -> 0 | BO18: 11 | BP18: =Partici!I51 -> 0 | BQ18: =VLOOKUP(BP18,'DIA 8'!$B$59:$C$126,2,0) -> 0 | BR18: =$BQ$8-BQ18 -> 0 | BT18: 11 | BU18: =Partici!J51 -> 0 | BV18: =VLOOKUP(BU18,'DIA 9'!$B$59:$C$126,2,0) -> 0 | BW18: =$BV$8-BV18 -> 0 | BY18: 11 | BZ18: =Partici!K51 -> 0 | CA18: =VLOOKUP(BZ18,'DIA 10'!$B$59:$C$126,2,0) -> 0 | CB18: =$CA$8-CA18 -> 0 | CD18: 11 | CE18: =Partici!L51 -> 0 | CF18: =VLOOKUP(CE18,'DIA 11'!$B$59:$C$126,2,0) -> 0 | CG18: =$CF$8-CF18 -> 0 | CI18: 11 | CJ18: =Partici!M51 -> 0 | CK18: =VLOOKUP(CJ18,'DIA 12'!$B$59:$C$126,2,0) -> 0 | CL18: =$CK$8-CK18 -> 0 | CN18: 11 | CO18: =Partici!N51 -> 0 | CP18: =VLOOKUP(CO18,'24 12 23. CLUB'!$B$59:$C$126,2,0) -> 0 | CQ18: =$CP$8-CP18 -> 0
A19: 12 | B19: =+Partici!B11 -> KOKE | C19: ='DIA 1'!$AC$25 -> 9.7 | D19: ='DIA 2'!$AC$25 -> 0 | E19: ='DIA 3'!$AC$25 -> 0 | F19: ='DIA 4'!$AC$25 -> 0 | G19: ='DIA 5'!$AC$25 -> 0 | H19: ='DIA 6'!$AC$25 -> 0 | I19: ='DIA 7'!$AC$25 -> 0 | J19: ='DIA 8'!$AC$25 -> 0 | K19: ='DIA 9'!$AC$25 -> 0 | L19: ='DIA 10'!$AC$25 -> 0 | M19: ='DIA 11'!$AC$25 -> 0 | N19: ='DIA 12'!$AC$25 -> 0 | O19: ='24 12 23. CLUB'!$AC$25 -> 0 | P19: ='Dia14'!$AC$20 -> 0 | Q19: ='Dia15'!$AC$20 -> 0 | R19: ='Dia16'!$AC$20 -> 0 | S19: ='Dia17'!$AC$20 -> 0 | T19: ='Dia18'!$AC$20 -> 0 | U19: ='Dia19'!$AC$20 -> 0 | V19: ='Dia20'!$AC$20 -> 0 | W19: =SUM(Tabla1[[#This Row],[05-mar]:[10-jul20]]) -> 9.7 | X19: =$W$8-Tabla1[[#This Row],[TOTAL]] -> -8.6 | Z19: TRINIDAD | AA19: 16.3 | AB19: 38.8 | AC19: 47.1 | AD19: 72.2 | AF19: 12 | AG19: =Partici!B44 -> 0 | AH19: =VLOOKUP(AG19,'DIA 1'!#REF!,2,0) -> #REF! | AI19: =$AH$8-AH19 -> #REF! | AK19: 12 | AL19: =Partici!C38 -> 0 | AM19: =VLOOKUP(AL19,'DIA 2'!$B$59:$C$126,2,0) -> 0 | AN19: =$AM$8-AM19 -> 0 | AP19: 12 | AQ19: =Partici!D36 -> 0 | AR19: =VLOOKUP(AQ19,'DIA 3'!$B$59:$C$126,2,0) -> 0 | AS19: =$AR$8-AR19 -> 0 | AU19: 12 | AV19: =Partici!E40 -> 0 | AW19: =VLOOKUP(AV19,'DIA 4'!$B$59:$C$126,2,0) -> 0 | AX19: =$AW$8-AW19 -> 0 | AZ19: 12 | BA19: =Partici!F52 -> 0 | BB19: =VLOOKUP(BA19,'DIA 5'!$B$59:$C$126,2,0) -> 0 | BC19: =$BB$8-BB19 -> 0 | BE19: 12 | BF19: =Partici!G52 -> 0 | BG19: =VLOOKUP(BF19,'DIA 6'!$B$59:$C$126,2,0) -> 0 | BH19: =$BG$8-BG19 -> 0 | BJ19: 12 | BK19: =Partici!H52 -> 0 | BL19: =VLOOKUP(BK19,'DIA 7'!$B$59:$C$126,2,0) -> 0 | BM19: =$BL$8-BL19 -> 0 | BO19: 12 | BP19: =Partici!I52 -> 0 | BQ19: =VLOOKUP(BP19,'DIA 8'!$B$59:$C$126,2,0) -> 0 | BR19: =$BQ$8-BQ19 -> 0 | BT19: 12 | BU19: =Partici!J52 -> 0 | BV19: =VLOOKUP(BU19,'DIA 9'!$B$59:$C$126,2,0) -> 0 | BW19: =$BV$8-BV19 -> 0 | BY19: 12 | BZ19: =Partici!K52 -> 0 | CA19: =VLOOKUP(BZ19,'DIA 10'!$B$59:$C$126,2,0) -> 0 | CB19: =$CA$8-CA19 -> 0 | CD19: 12 | CE19: =Partici!L52 -> 0 | CF19: =VLOOKUP(CE19,'DIA 11'!$B$59:$C$126,2,0) -> 0 | CG19: =$CF$8-CF19 -> 0 | CI19: 12 | CJ19: =Partici!M52 -> 0 | CK19: =VLOOKUP(CJ19,'DIA 12'!$B$59:$C$126,2,0) -> 0 | CL19: =$CK$8-CK19 -> 0 | CN19: 12 | CO19: =Partici!N52 -> 0 | CP19: =VLOOKUP(CO19,'24 12 23. CLUB'!$B$59:$C$126,2,0) -> 0 | CQ19: =$CP$8-CP19 -> 0
A20: 13 | B20: =+Partici!B2 -> CAMPEON DE CAMPEONES | C20: ='DIA 1'!$AC$7 -> 3.9 | D20: ='DIA 2'!$AC$7 -> 0 | E20: ='DIA 3'!$AC$7 -> 0 | F20: ='DIA 4'!$AC$7 -> 0 | G20: ='DIA 5'!$AC$7 -> 0 | H20: ='DIA 6'!$AC$7 -> 0 | I20: ='DIA 7'!$AC$7 -> 0 | J20: ='DIA 8'!$AC$7 -> 0 | K20: ='DIA 9'!$AC$7 -> 0 | L20: ='DIA 10'!$AC$7 -> 0 | M20: ='DIA 11'!$AC$7 -> 0 | N20: ='DIA 12'!$AC$7 -> 0 | O20: ='24 12 23. CLUB'!$AC$7 -> 0 | P20: ='Dia14'!$AC$2 -> 0 | Q20: ='Dia15'!$AC$2 -> 0 | R20: ='Dia16'!$AC$2 -> 0 | S20: ='Dia17'!$AC$2 -> 0 | T20: ='Dia18'!$AC$2 -> 0 | U20: ='Dia19'!$AC$2 -> 0 | V20: ='Dia20'!$AC$2 -> 0 | W20: =SUM(Tabla1[[#This Row],[05-mar]:[10-jul20]]) -> 3.9 | X20: =$W$8-Tabla1[[#This Row],[TOTAL]] -> -2.8 | Z20: LOINO | AA20: 34.8 | AB20: 28.3 | AC20: 78.9 | AD20: 31.9 | AF20: 13 | AG20: =Partici!B50 -> 0 | AH20: =VLOOKUP(AG20,'DIA 1'!#REF!,2,0) -> #REF! | AI20: =$BB$8-AH20 -> #REF! | AK20: 13 | AL20: =Partici!C47 -> 0 | AM20: =VLOOKUP(AL20,'DIA 2'!$B$59:$C$126,2,0) -> 0 | AN20: =$BG$8-AM20 -> 0 | AP20: 13 | AQ20: =Partici!D47 -> 0 | AR20: =VLOOKUP(AQ20,'DIA 3'!$B$59:$C$126,2,0) -> 0 | AS20: =$AR$8-AR20 -> 0 | AU20: 13 | AV20: =Partici!E36 -> 0 | AW20: =VLOOKUP(AV20,'DIA 4'!$B$59:$C$126,2,0) -> 0 | AX20: =$AW$8-AW20 -> 0 | AZ20: 13 | BA20: =Partici!F42 -> 0 | BB20: =VLOOKUP(BA20,'DIA 5'!$B$59:$C$126,2,0) -> 0 | BC20: =$BB$8-BB20 -> 0 | BE20: 13 | BF20: =Partici!G42 -> 0 | BG20: =VLOOKUP(BF20,'DIA 6'!$B$59:$C$126,2,0) -> 0 | BH20: =$BG$8-BG20 -> 0 | BJ20: 13 | BK20: =Partici!H42 -> 0 | BL20: =VLOOKUP(BK20,'DIA 7'!$B$59:$C$126,2,0) -> 0 | BM20: =$BL$8-BL20 -> 0 | BO20: 13 | BP20: =Partici!I42 -> 0 | BQ20: =VLOOKUP(BP20,'DIA 8'!$B$59:$C$126,2,0) -> 0 | BR20: =$BQ$8-BQ20 -> 0 | BT20: 13 | BU20: =Partici!J42 -> 0 | BV20: =VLOOKUP(BU20,'DIA 9'!$B$59:$C$126,2,0) -> 0 | BW20: =$BV$8-BV20 -> 0 | BY20: 13 | BZ20: =Partici!K42 -> 0 | CA20: =VLOOKUP(BZ20,'DIA 10'!$B$59:$C$126,2,0) -> 0 | CB20: =$CA$8-CA20 -> 0 | CD20: 13 | CE20: =Partici!L42 -> 0 | CF20: =VLOOKUP(CE20,'DIA 11'!$B$59:$C$126,2,0) -> 0 | CG20: =$CF$8-CF20 -> 0 | CI20: 13 | CJ20: =Partici!M42 -> 0 | CK20: =VLOOKUP(CJ20,'DIA 12'!$B$59:$C$126,2,0) -> 0 | CL20: =$CK$8-CK20 -> 0 | CN20: 13 | CO20: =Partici!N42 -> 0 | CP20: =VLOOKUP(CO20,'24 12 23. CLUB'!$B$59:$C$126,2,0) -> 0 | CQ20: =$CP$8-CP20 -> 0
A21: 14 | B21: =+Partici!B3 -> FERNANDA | C21: ='DIA 1'!$AC$9 -> 1.1 | D21: ='DIA 2'!$AC$9 -> 0 | E21: ='DIA 3'!$AC$9 -> 0 | F21: ='DIA 4'!$AC$9 -> 0 | G21: ='DIA 5'!$AC$9 -> 0 | H21: ='DIA 6'!$AC$9 -> 0 | I21: ='DIA 7'!$AC$9 -> 0 | J21: ='DIA 8'!$AC$9 -> 0 | K21: ='DIA 9'!$AC$9 -> 0 | L21: ='DIA 10'!$AC$9 -> 0 | M21: ='DIA 11'!$AC$9 -> 0 | N21: ='DIA 12'!$AC$9 -> 0 | O21: ='24 12 23. CLUB'!$AC$9 -> 0 | P21: ='Dia14'!$AC$4 -> 0 | Q21: ='Dia15'!$AC$4 -> 0 | R21: ='Dia16'!$AC$4 -> 0 | S21: ='Dia17'!$AC$4 -> 0 | T21: ='Dia18'!$AC$4 -> 0 | U21: ='Dia19'!$AC$4 -> 0 | V21: ='Dia20'!$AC$4 -> 0 | W21: =SUM(Tabla1[[#This Row],[05-mar]:[10-jul20]]) -> 1.1 | X21: =$W$8-Tabla1[[#This Row],[TOTAL]] -> 0 | Z21: CHOLITO | AA21: 11.3 | AB21: 50.8 | AC21: 68.4 | AD21: 40.3 | AF21: 14 | AG21: =Partici!B48 -> 0 | AH21: =VLOOKUP(AG21,'DIA 1'!#REF!,2,0) -> #REF! | AI21: =$BB$8-AH21 -> #REF! | AK21: 14 | AL21: =Partici!C52 -> 0 | AM21: =VLOOKUP(AL21,'DIA 2'!$B$59:$C$126,2,0) -> 0 | AN21: =$BG$8-AM21 -> 0 | AP21: 14 | AQ21: =Partici!D43 -> 0 | AR21: =VLOOKUP(AQ21,'DIA 3'!$B$59:$C$126,2,0) -> 0 | AS21: =$AR$8-AR21 -> 0 | AU21: 14 | AV21: =Partici!E55 -> 0 | AW21: =VLOOKUP(AV21,'DIA 4'!$B$59:$C$126,2,0) -> 0 | AX21: =$AW$8-AW21 -> 0 | AZ21: 14 | BA21: =Partici!F56 -> 0 | BB21: =VLOOKUP(BA21,'DIA 5'!$B$59:$C$126,2,0) -> 0 | BC21: =$BB$8-BB21 -> 0 | BE21: 14 | BF21: =Partici!G56 -> 0 | BG21: =VLOOKUP(BF21,'DIA 6'!$B$59:$C$126,2,0) -> 0 | BH21: =$BG$8-BG21 -> 0 | BJ21: 14 | BK21: =Partici!H56 -> 0 | BL21: =VLOOKUP(BK21,'DIA 7'!$B$59:$C$126,2,0) -> 0 | BM21: =$BL$8-BL21 -> 0 | BO21: 14 | BP21: =Partici!I56 -> 0 | BQ21: =VLOOKUP(BP21,'DIA 8'!$B$59:$C$126,2,0) -> 0 | BR21: =$BQ$8-BQ21 -> 0 | BT21: 14 | BU21: =Partici!J56 -> 0 | BV21: =VLOOKUP(BU21,'DIA 9'!$B$59:$C$126,2,0) -> 0 | BW21: =$BV$8-BV21 -> 0 | BY21: 14 | BZ21: =Partici!K56 -> 0 | CA21: =VLOOKUP(BZ21,'DIA 10'!$B$59:$C$126,2,0) -> 0 | CB21: =$CA$8-CA21 -> 0 | CD21: 14 | CE21: =Partici!L56 -> 0 | CF21: =VLOOKUP(CE21,'DIA 11'!$B$59:$C$126,2,0) -> 0 | CG21: =$CF$8-CF21 -> 0 | CI21: 14 | CJ21: =Partici!M56 -> 0 | CK21: =VLOOKUP(CJ21,'DIA 12'!$B$59:$C$126,2,0) -> 0 | CL21: =$CK$8-CK21 -> 0 | CN21: 14 | CO21: =Partici!N56 -> 0 | CP21: =VLOOKUP(CO21,'24 12 23. CLUB'!$B$59:$C$126,2,0) -> 0 | CQ21: =$CP$8-CP21 -> 0
A22: 15 | B22: =+Partici!B13 -> ALF | C22: ='DIA 1'!$AC$29 -> 0 | D22: ='DIA 2'!$AC$29 -> 0 | E22: ='DIA 3'!$AC$29 -> 0 | F22: ='DIA 4'!$AC$29 -> 0 | G22: ='DIA 5'!$AC$29 -> 0 | H22: ='DIA 6'!$AC$29 -> 0 | I22: ='DIA 7'!$AC$29 -> 0 | J22: ='DIA 8'!$AC$29 -> 0 | K22: ='DIA 9'!$AC$29 -> 0 | L22: ='DIA 10'!$AC$29 -> 0 | M22: ='DIA 11'!$AC$29 -> 0 | N22: ='DIA 12'!$AC$29 -> 0 | O22: ='24 12 23. CLUB'!$AC$29 -> 0 | P22: ='Dia14'!$AC$24 -> 0 | Q22: ='Dia15'!$AC$24 -> 0 | R22: ='Dia16'!$AC$24 -> 0 | S22: ='Dia17'!$AC$24 -> 0 | T22: ='Dia18'!$AC$24 -> 0 | U22: ='Dia19'!$AC$24 -> 0 | V22: ='Dia20'!$AC$24 -> 0 | W22: =SUM(Tabla1[[#This Row],[05-mar]:[10-jul20]]) -> 0 | X22: =$W$8-Tabla1[[#This Row],[TOTAL]] -> 1.1 | Z22: STORMILORD | AA22: 70.5 | AB22: 44.6 | AC22: 22.1 | AD22: 26.5 | AF22: 15 | AG22: =Partici!B47 -> 0 | AH22: =VLOOKUP(AG22,'DIA 1'!#REF!,2,0) -> #REF! | AI22: =$BB$8-AH22 -> #REF! | AK22: 15 | AL22: =Partici!C48 -> 0 | AM22: =VLOOKUP(AL22,'DIA 2'!$B$59:$C$126,2,0) -> 0 | AN22: =$BG$8-AM22 -> 0 | AP22: 15 | AQ22: =Partici!D38 -> 0 | AR22: =VLOOKUP(AQ22,'DIA 3'!$B$59:$C$126,2,0) -> 0 | AS22: =$AR$8-AR22 -> 0 | AU22: 15 | AV22: =Partici!E50 -> 0 | AW22: =VLOOKUP(AV22,'DIA 4'!$B$59:$C$126,2,0) -> 0 | AX22: =$AW$8-AW22 -> 0 | AZ22: 15 | BA22: =Partici!F49 -> 0 | BB22: =VLOOKUP(BA22,'DIA 5'!$B$59:$C$126,2,0) -> 0 | BC22: =$BB$8-BB22 -> 0 | BE22: 15 | BF22: =Partici!G49 -> 0 | BG22: =VLOOKUP(BF22,'DIA 6'!$B$59:$C$126,2,0) -> 0 | BH22: =$BG$8-BG22 -> 0 | BJ22: 15 | BK22: =Partici!H49 -> 0 | BL22: =VLOOKUP(BK22,'DIA 7'!$B$59:$C$126,2,0) -> 0 | BM22: =$BL$8-BL22 -> 0 | BO22: 15 | BP22: =Partici!I49 -> 0 | BQ22: =VLOOKUP(BP22,'DIA 8'!$B$59:$C$126,2,0) -> 0 | BR22: =$BQ$8-BQ22 -> 0 | BT22: 15 | BU22: =Partici!J49 -> 0 | BV22: =VLOOKUP(BU22,'DIA 9'!$B$59:$C$126,2,0) -> 0 | BW22: =$BV$8-BV22 -> 0 | BY22: 15 | BZ22: =Partici!K49 -> 0 | CA22: =VLOOKUP(BZ22,'DIA 10'!$B$59:$C$126,2,0) -> 0 | CB22: =$CA$8-CA22 -> 0 | CD22: 15 | CE22: =Partici!L49 -> 0 | CF22: =VLOOKUP(CE22,'DIA 11'!$B$59:$C$126,2,0) -> 0 | CG22: =$CF$8-CF22 -> 0 | CI22: 15 | CJ22: =Partici!M49 -> 0 | CK22: =VLOOKUP(CJ22,'DIA 12'!$B$59:$C$126,2,0) -> 0 | CL22: =$CK$8-CK22 -> 0 | CN22: 15 | CO22: =Partici!N49 -> 0 | CP22: =VLOOKUP(CO22,'24 12 23. CLUB'!$B$59:$C$126,2,0) -> 0 | CQ22: =$CP$8-CP22 -> 0
A23: 16 | B23: =+Partici!B5 -> OVAYORK | C23: ='DIA 1'!$AC$13 -> 0 | D23: ='DIA 2'!$AC$13 -> 0 | E23: ='DIA 3'!$AC$13 -> 0 | F23: ='DIA 4'!$AC$13 -> 0 | G23: ='DIA 5'!$AC$13 -> 0 | H23: ='DIA 6'!$AC$13 -> 0 | I23: ='DIA 7'!$AC$13 -> 0 | J23: ='DIA 8'!$AC$13 -> 0 | K23: ='DIA 9'!$AC$13 -> 0 | L23: ='DIA 10'!$AC$13 -> 0 | M23: ='DIA 11'!$AC$13 -> 0 | N23: ='DIA 12'!$AC$13 -> 0 | O23: ='24 12 23. CLUB'!$AC$13 -> 0 | P23: ='Dia14'!$AC$8 -> 0 | Q23: ='Dia15'!$AC$8 -> 0 | R23: ='Dia16'!$AC$8 -> 0 | S23: ='Dia17'!$AC$8 -> 0 | T23: ='Dia18'!$AC$8 -> 0 | U23: ='Dia19'!$AC$8 -> 0 | V23: ='Dia20'!$AC$8 -> 0 | W23: =SUM(Tabla1[[#This Row],[05-mar]:[10-jul20]]) -> 0 | X23: =$W$8-Tabla1[[#This Row],[TOTAL]] -> 1.1 | Z23: ARRE DEMONIO | AA23: 28.1 | AB23: 36 | AC23: 54 | AD23: 44.9 | AF23: 16 | AG23: =Partici!B51 -> 0 | AH23: =VLOOKUP(AG23,'DIA 1'!#REF!,2,0) -> #REF! | AI23: =$BB$8-AH23 -> #REF! | AK23: 16 | AL23: =Partici!C51 -> 0 | AM23: =VLOOKUP(AL23,'DIA 2'!$B$59:$C$126,2,0) -> 0 | AN23: =$BG$8-AM23 -> 0 | AP23: 16 | AQ23: =Partici!D51 -> 0 | AR23: =VLOOKUP(AQ23,'DIA 3'!$B$59:$C$126,2,0) -> 0 | AS23: =$AR$8-AR23 -> 0 | AU23: 16 | AV23: =Partici!E48 -> 0 | AW23: =VLOOKUP(AV23,'DIA 4'!$B$59:$C$126,2,0) -> 0 | AX23: =$AW$8-AW23 -> 0 | AZ23: 16 | BA23: =Partici!F54 -> 0 | BB23: =VLOOKUP(BA23,'DIA 5'!$B$59:$C$126,2,0) -> 0 | BC23: =$BB$8-BB23 -> 0 | BE23: 16 | BF23: =Partici!G54 -> 0 | BG23: =VLOOKUP(BF23,'DIA 6'!$B$59:$C$126,2,0) -> 0 | BH23: =$BG$8-BG23 -> 0 | BJ23: 16 | BK23: =Partici!H54 -> 0 | BL23: =VLOOKUP(BK23,'DIA 7'!$B$59:$C$126,2,0) -> 0 | BM23: =$BL$8-BL23 -> 0 | BO23: 16 | BP23: =Partici!I54 -> 0 | BQ23: =VLOOKUP(BP23,'DIA 8'!$B$59:$C$126,2,0) -> 0 | BR23: =$BQ$8-BQ23 -> 0 | BT23: 16 | BU23: =Partici!J54 -> 0 | BV23: =VLOOKUP(BU23,'DIA 9'!$B$59:$C$126,2,0) -> 0 | BW23: =$BV$8-BV23 -> 0 | BY23: 16 | BZ23: =Partici!K54 -> 0 | CA23: =VLOOKUP(BZ23,'DIA 10'!$B$59:$C$126,2,0) -> 0 | CB23: =$CA$8-CA23 -> 0 | CD23: 16 | CE23: =Partici!L54 -> 0 | CF23: =VLOOKUP(CE23,'DIA 11'!$B$59:$C$126,2,0) -> 0 | CG23: =$CF$8-CF23 -> 0 | CI23: 16 | CJ23: =Partici!M54 -> 0 | CK23: =VLOOKUP(CJ23,'DIA 12'!$B$59:$C$126,2,0) -> 0 | CL23: =$CK$8-CK23 -> 0 | CN23: 16 | CO23: =Partici!N54 -> 0 | CP23: =VLOOKUP(CO23,'24 12 23. CLUB'!$B$59:$C$126,2,0) -> 0 | CQ23: =$CP$8-CP23 -> 0
A24: 17 | B24: =+Partici!B7 -> KING JORANTO | C24: ='DIA 1'!$AC$17 -> 0 | D24: ='DIA 2'!$AC$17 -> 0 | E24: ='DIA 3'!$AC$17 -> 0 | F24: ='DIA 4'!$AC$17 -> 0 | G24: ='DIA 5'!$AC$17 -> 0 | H24: ='DIA 6'!$AC$17 -> 0 | I24: ='DIA 7'!$AC$17 -> 0 | J24: ='DIA 8'!$AC$17 -> 0 | K24: ='DIA 9'!$AC$17 -> 0 | L24: ='DIA 10'!$AC$17 -> 0 | M24: ='DIA 11'!$AC$17 -> 0 | N24: ='DIA 12'!$AC$17 -> 0 | O24: ='24 12 23. CLUB'!$AC$17 -> 0 | P24: ='Dia14'!$AC$12 -> 0 | Q24: ='Dia15'!$AC$12 -> 0 | R24: ='Dia16'!$AC$12 -> 0 | S24: ='Dia17'!$AC$12 -> 0 | T24: ='Dia18'!$AC$12 -> 0 | U24: ='Dia19'!$AC$12 -> 0 | V24: ='Dia20'!$AC$12 -> 0 | W24: =SUM(Tabla1[[#This Row],[05-mar]:[10-jul20]]) -> 0 | X24: =$W$8-Tabla1[[#This Row],[TOTAL]] -> 1.1 | Z24: ROMATRI | AA24: 44.4 | AB24: 47.3 | AC24: 30.5 | AD24: 40.2 | AF24: 17 | AG24: =Partici!B49 -> 0 | AH24: =VLOOKUP(AG24,'DIA 1'!#REF!,2,0) -> #REF! | AI24: =$BB$8-AH24 -> #REF! | AK24: 17 | AL24: =Partici!C50 -> 0 | AM24: =VLOOKUP(AL24,'DIA 2'!$B$59:$C$126,2,0) -> 0 | AN24: =$BG$8-AM24 -> 0 | AP24: 17 | AQ24: =Partici!D55 -> 0 | AR24: =VLOOKUP(AQ24,'DIA 3'!$B$59:$C$126,2,0) -> 0 | AS24: =$AR$8-AR24 -> 0 | AU24: 17 | AV24: =Partici!E51 -> 0 | AW24: =VLOOKUP(AV24,'DIA 4'!$B$59:$C$126,2,0) -> 0 | AX24: =$AW$8-AW24 -> 0 | AZ24: 17 | BA24: =Partici!F37 -> 0 | BB24: =VLOOKUP(BA24,'DIA 5'!$B$59:$C$126,2,0) -> 0 | BC24: =$BB$8-BB24 -> 0 | BE24: 17 | BF24: =Partici!G37 -> 0 | BG24: =VLOOKUP(BF24,'DIA 6'!$B$59:$C$126,2,0) -> 0 | BH24: =$BG$8-BG24 -> 0 | BJ24: 17 | BK24: =Partici!H37 -> 0 | BL24: =VLOOKUP(BK24,'DIA 7'!$B$59:$C$126,2,0) -> 0 | BM24: =$BL$8-BL24 -> 0 | BO24: 17 | BP24: =Partici!I37 -> 0 | BQ24: =VLOOKUP(BP24,'DIA 8'!$B$59:$C$126,2,0) -> 0 | BR24: =$BQ$8-BQ24 -> 0 | BT24: 17 | BU24: =Partici!J37 -> 0 | BV24: =VLOOKUP(BU24,'DIA 9'!$B$59:$C$126,2,0) -> 0 | BW24: =$BV$8-BV24 -> 0 | BY24: 17 | BZ24: =Partici!K37 -> 0 | CA24: =VLOOKUP(BZ24,'DIA 10'!$B$59:$C$126,2,0) -> 0 | CB24: =$CA$8-CA24 -> 0 | CD24: 17 | CE24: =Partici!L37 -> 0 | CF24: =VLOOKUP(CE24,'DIA 11'!$B$59:$C$126,2,0) -> 0 | CG24: =$CF$8-CF24 -> 0 | CI24: 17 | CJ24: =Partici!M37 -> 0 | CK24: =VLOOKUP(CJ24,'DIA 12'!$B$59:$C$126,2,0) -> 0 | CL24: =$CK$8-CK24 -> 0 | CN24: 17 | CO24: =Partici!N37 -> 0 | CP24: =VLOOKUP(CO24,'24 12 23. CLUB'!$B$59:$C$126,2,0) -> 0 | CQ24: =$CP$8-CP24 -> 0
A25: 18 | B25: =+Partici!B10 -> MAGICO MEDINA | C25: ='DIA 1'!$AC$23 -> 1.1 | D25: ='DIA 2'!$AC$23 -> 0 | E25: ='DIA 3'!$AC$23 -> 0 | F25: ='DIA 4'!$AC$23 -> 0 | G25: ='DIA 5'!$AC$23 -> 0 | H25: ='DIA 6'!$AC$23 -> 0 | I25: ='DIA 7'!$AC$23 -> 0 | J25: ='DIA 8'!$AC$23 -> 0 | K25: ='DIA 9'!$AC$23 -> 0 | L25: ='DIA 10'!$AC$23 -> 0 | M25: ='DIA 11'!$AC$23 -> 0 | N25: ='DIA 12'!$AC$23 -> 0 | O25: ='24 12 23. CLUB'!$AC$23 -> 0 | P25: ='Dia14'!$AC$18 -> 0 | Q25: ='Dia15'!$AC$18 -> 0 | R25: ='Dia16'!$AC$18 -> 0 | S25: ='Dia17'!$AC$18 -> 0 | T25: ='Dia18'!$AC$18 -> 0 | U25: ='Dia19'!$AC$18 -> 0 | V25: ='Dia20'!$AC$18 -> 0 | W25: =SUM(Tabla1[[#This Row],[05-mar]:[10-jul20]]) -> 1.1 | X25: =$W$8-Tabla1[[#This Row],[TOTAL]] -> 0 | Z25: TALIVAN | AA25: 37.6 | AB25: 33.4 | AC25: 52.3 | AD25: 31.9 | AF25: 18 | AG25: =Partici!B52 -> 0 | AH25: =VLOOKUP(AG25,'DIA 1'!#REF!,2,0) -> #REF! | AI25: =$BB$8-AH25 -> #REF! | AK25: 18 | AL25: =Partici!C49 -> 0 | AM25: =VLOOKUP(AL25,'DIA 2'!$B$59:$C$126,2,0) -> 0 | AN25: =$BG$8-AM25 -> 0 | AP25: 18 | AQ25: =Partici!D58 -> 0 | AR25: =VLOOKUP(AQ25,'DIA 3'!$B$59:$C$126,2,0) -> 0 | AS25: =$AR$8-AR25 -> 0 | AU25: 18 | AV25: =Partici!E52 -> 0 | AW25: =VLOOKUP(AV25,'DIA 4'!$B$59:$C$126,2,0) -> 0 | AX25: =$AW$8-AW25 -> 0 | AZ25: 18 | BA25: =Partici!F53 -> 0 | BB25: =VLOOKUP(BA25,'DIA 5'!$B$59:$C$126,2,0) -> 0 | BC25: =$BB$8-BB25 -> 0 | BE25: 18 | BF25: =Partici!G53 -> 0 | BG25: =VLOOKUP(BF25,'DIA 6'!$B$59:$C$126,2,0) -> 0 | BH25: =$BG$8-BG25 -> 0 | BJ25: 18 | BK25: =Partici!H53 -> 0 | BL25: =VLOOKUP(BK25,'DIA 7'!$B$59:$C$126,2,0) -> 0 | BM25: =$BL$8-BL25 -> 0 | BO25: 18 | BP25: =Partici!I53 -> 0 | BQ25: =VLOOKUP(BP25,'DIA 8'!$B$59:$C$126,2,0) -> 0 | BR25: =$BQ$8-BQ25 -> 0 | BT25: 18 | BU25: =Partici!J53 -> 0 | BV25: =VLOOKUP(BU25,'DIA 9'!$B$59:$C$126,2,0) -> 0 | BW25: =$BV$8-BV25 -> 0 | BY25: 18 | BZ25: =Partici!K53 -> 0 | CA25: =VLOOKUP(BZ25,'DIA 10'!$B$59:$C$126,2,0) -> 0 | CB25: =$CA$8-CA25 -> 0 | CD25: 18 | CE25: =Partici!L53 -> 0 | CF25: =VLOOKUP(CE25,'DIA 11'!$B$59:$C$126,2,0) -> 0 | CG25: =$CF$8-CF25 -> 0 | CI25: 18 | CJ25: =Partici!M53 -> 0 | CK25: =VLOOKUP(CJ25,'DIA 12'!$B$59:$C$126,2,0) -> 0 | CL25: =$CK$8-CK25 -> 0 | CN25: 18 | CO25: =Partici!N53 -> 0 | CP25: =VLOOKUP(CO25,'24 12 23. CLUB'!$B$59:$C$126,2,0) -> 0 | CQ25: =$CP$8-CP25 -> 0
A26: 19 | B26: =+Partici!B8 -> TOCOCO | C26: ='DIA 1'!$AC$19 -> 9.7 | D26: ='DIA 2'!$AC$19 -> 0 | E26: ='DIA 3'!$AC$19 -> 0 | F26: ='DIA 4'!$AC$19 -> 0 | G26: ='DIA 5'!$AC$19 -> 0 | H26: ='DIA 6'!$AC$19 -> 0 | I26: ='DIA 7'!$AC$19 -> 0 | J26: ='DIA 8'!$AC$19 -> 0 | K26: ='DIA 9'!$AC$19 -> 0 | L26: ='DIA 10'!$AC$19 -> 0 | M26: ='DIA 11'!$AC$19 -> 0 | N26: ='DIA 12'!$AC$19 -> 0 | O26: ='24 12 23. CLUB'!$AC$19 -> 0 | P26: ='Dia14'!$AC$14 -> 0 | Q26: ='Dia15'!$AC$14 -> 0 | R26: ='Dia16'!$AC$14 -> 0 | S26: ='Dia17'!$AC$14 -> 0 | T26: ='Dia18'!$AC$14 -> 0 | U26: ='Dia19'!$AC$14 -> 0 | V26: ='Dia20'!$AC$14 -> 0 | W26: =SUM(Tabla1[[#This Row],[05-mar]:[10-jul20]]) -> 9.7 | X26: =$W$8-Tabla1[[#This Row],[TOTAL]] -> -8.6 | Z26: MATILDE | AA26: 46.9 | AB26: 34.2 | AC26: 31.7 | AD26: 22.4 | AF26: 19 | AG26: =Partici!B53 -> 0 | AH26: =VLOOKUP(AG26,'DIA 1'!#REF!,2,0) -> #REF! | AI26: =$BB$8-AH26 -> #REF! | AK26: 19 | AL26: =Partici!C53 -> 0 | AM26: =VLOOKUP(AL26,'DIA 2'!$B$59:$C$126,2,0) -> 0 | AN26: =$BG$8-AM26 -> 0 | AP26: 19 | AQ26: =Partici!D53 -> 0 | AR26: =VLOOKUP(AQ26,'DIA 3'!$B$59:$C$126,2,0) -> 0 | AS26: =$AR$8-AR26 -> 0 | AU26: 19 | AV26: =Partici!E56 -> 0 | AW26: =VLOOKUP(AV26,'DIA 4'!$B$59:$C$126,2,0) -> 0 | AX26: =$AW$8-AW26 -> 0 | AZ26: 19 | BA26: =Partici!F39 -> 0 | BB26: =VLOOKUP(BA26,'DIA 5'!$B$59:$C$126,2,0) -> 0 | BC26: =$BB$8-BB26 -> 0 | BE26: 19 | BF26: =Partici!G39 -> 0 | BG26: =VLOOKUP(BF26,'DIA 6'!$B$59:$C$126,2,0) -> 0 | BH26: =$BG$8-BG26 -> 0 | BJ26: 19 | BK26: =Partici!H39 -> 0 | BL26: =VLOOKUP(BK26,'DIA 7'!$B$59:$C$126,2,0) -> 0 | BM26: =$BL$8-BL26 -> 0 | BO26: 19 | BP26: =Partici!I39 -> 0 | BQ26: =VLOOKUP(BP26,'DIA 8'!$B$59:$C$126,2,0) -> 0 | BR26: =$BQ$8-BQ26 -> 0 | BT26: 19 | BU26: =Partici!J39 -> 0 | BV26: =VLOOKUP(BU26,'DIA 9'!$B$59:$C$126,2,0) -> 0 | BW26: =$BV$8-BV26 -> 0 | BY26: 19 | BZ26: =Partici!K39 -> 0 | CA26: =VLOOKUP(BZ26,'DIA 10'!$B$59:$C$126,2,0) -> 0 | CB26: =$CA$8-CA26 -> 0 | CD26: 19 | CE26: =Partici!L39 -> 0 | CF26: =VLOOKUP(CE26,'DIA 11'!$B$59:$C$126,2,0) -> 0 | CG26: =$CF$8-CF26 -> 0 | CI26: 19 | CJ26: =Partici!M39 -> 0 | CK26: =VLOOKUP(CJ26,'DIA 12'!$B$59:$C$126,2,0) -> 0 | CL26: =$CK$8-CK26 -> 0 | CN26: 19 | CO26: =Partici!N39 -> 0 | CP26: =VLOOKUP(CO26,'24 12 23. CLUB'!$B$59:$C$126,2,0) -> 0 | CQ26: =$CP$8-CP26 -> 0
A27: 20 | B27: =+Partici!B21 -> SANVI | C27: ='DIA 1'!$AC$45 -> 1.1 | D27: ='DIA 2'!$AC$45 -> 0 | E27: ='DIA 3'!$AC$45 -> 0 | F27: ='DIA 4'!$AC$45 -> 0 | G27: ='DIA 5'!$AC$45 -> 0 | H27: ='DIA 6'!$AC$45 -> 0 | I27: ='DIA 7'!$AC$45 -> 0 | J27: ='DIA 8'!$AC$45 -> 0 | K27: ='DIA 9'!$AC$45 -> 0 | L27: ='DIA 10'!$AC$45 -> 0 | M27: ='DIA 11'!$AC$45 -> 0 | N27: ='DIA 12'!$AC$45 -> 0 | O27: ='24 12 23. CLUB'!$AC$45 -> 0 | P27: ='Dia14'!$AC$40 -> 0 | Q27: ='Dia15'!$AC$40 -> 0 | R27: ='Dia16'!$AC$40 -> 0 | S27: ='Dia17'!$AC$40 -> 0 | T27: ='Dia18'!$AC$40 -> 0 | U27: ='Dia19'!$AC$40 -> 0 | V27: ='Dia20'!$AC$40 -> 0 | W27: =SUM(Tabla1[[#This Row],[05-mar]:[10-jul20]]) -> 1.1 | X27: =$W$8-Tabla1[[#This Row],[TOTAL]] -> 0 | Z27: REMY | AA27: 30 | AB27: 23.2 | AC27: 43.7 | AD27: 32.6 | AF27: 20 | AG27: =Partici!B54 -> 0 | AH27: =VLOOKUP(AG27,'DIA 1'!#REF!,2,0) -> #REF! | AI27: =$BB$8-AH27 -> #REF! | AK27: 20 | AL27: =Partici!C54 -> 0 | AM27: =VLOOKUP(AL27,'DIA 2'!$B$59:$C$126,2,0) -> 0 | AN27: =$BG$8-AM27 -> 0 | AP27: 20 | AQ27: =Partici!D52 -> 0 | AR27: =VLOOKUP(AQ27,'DIA 3'!$B$59:$C$126,2,0) -> 0 | AS27: =$AR$8-AR27 -> 0 | AU27: 20 | AV27: =Partici!E49 -> 0 | AW27: =VLOOKUP(AV27,'DIA 4'!$B$59:$C$126,2,0) -> 0 | AX27: =$AW$8-AW27 -> 0 | AZ27: 20 | BA27: =Partici!F46 -> 0 | BB27: =VLOOKUP(BA27,'DIA 5'!$B$59:$C$126,2,0) -> 0 | BC27: =$BB$8-BB27 -> 0 | BE27: 20 | BF27: =Partici!G46 -> 0 | BG27: =VLOOKUP(BF27,'DIA 6'!$B$59:$C$126,2,0) -> 0 | BH27: =$BG$8-BG27 -> 0 | BJ27: 20 | BK27: =Partici!H46 -> 0 | BL27: =VLOOKUP(BK27,'DIA 7'!$B$59:$C$126,2,0) -> 0 | BM27: =$BL$8-BL27 -> 0 | BO27: 20 | BP27: =Partici!I46 -> 0 | BQ27: =VLOOKUP(BP27,'DIA 8'!$B$59:$C$126,2,0) -> 0 | BR27: =$BQ$8-BQ27 -> 0 | BT27: 20 | BU27: =Partici!J46 -> 0 | BV27: =VLOOKUP(BU27,'DIA 9'!$B$59:$C$126,2,0) -> 0 | BW27: =$BV$8-BV27 -> 0 | BY27: 20 | BZ27: =Partici!K46 -> 0 | CA27: =VLOOKUP(BZ27,'DIA 10'!$B$59:$C$126,2,0) -> 0 | CB27: =$CA$8-CA27 -> 0 | CD27: 20 | CE27: =Partici!L46 -> 0 | CF27: =VLOOKUP(CE27,'DIA 11'!$B$59:$C$126,2,0) -> 0 | CG27: =$CF$8-CF27 -> 0 | CI27: 20 | CJ27: =Partici!M46 -> 0 | CK27: =VLOOKUP(CJ27,'DIA 12'!$B$59:$C$126,2,0) -> 0 | CL27: =$CK$8-CK27 -> 0 | CN27: 20 | CO27: =Partici!N46 -> 0 | CP27: =VLOOKUP(CO27,'24 12 23. CLUB'!$B$59:$C$126,2,0) -> 0 | CQ27: =$CP$8-CP27 -> 0
A28: 21 | B28: =+Partici!B23 -> SIN FE-IA | C28: ='DIA 1'!$AC$49 -> 3.9 | D28: ='DIA 2'!$AC$49 -> 0 | E28: ='DIA 3'!$AC$49 -> 0 | F28: ='DIA 4'!$AC$49 -> 0 | G28: ='DIA 5'!$AC$49 -> 0 | H28: ='DIA 6'!$AC$49 -> 0 | I28: ='DIA 7'!$AC$49 -> 0 | J28: ='DIA 8'!$AC$49 -> 0 | K28: ='DIA 9'!$AC$49 -> 0 | L28: ='DIA 10'!$AC$49 -> 0 | M28: ='DIA 11'!$AC$49 -> 0 | N28: ='DIA 12'!$AC$49 -> 0 | O28: ='24 12 23. CLUB'!$AC$49 -> 0 | P28: ='Dia14'!$AC$44 -> 0 | Q28: ='Dia15'!$AC$44 -> 0 | R28: ='Dia16'!$AC$44 -> 0 | S28: ='Dia17'!$AC$44 -> 0 | T28: ='Dia18'!$AC$44 -> 0 | U28: ='Dia19'!$AC$44 -> 0 | V28: ='Dia20'!$AC$44 -> 0 | W28: =SUM(Tabla1[[#This Row],[05-mar]:[10-jul20]]) -> 3.9 | X28: =$W$8-Tabla1[[#This Row],[TOTAL]] -> -2.8 | Z28: SALAMANCA | AA28: 23.4 | AB28: 42.6 | AC28: 33.2 | AD28: 29.4 | AF28: 21 | AG28: =Partici!B55 -> 0 | AH28: =VLOOKUP(AG28,'DIA 1'!#REF!,2,0) -> #REF! | AI28: =$BB$8-AH28 -> #REF! | AK28: 21 | AL28: =Partici!C55 -> 0 | AM28: =VLOOKUP(AL28,'DIA 2'!$B$59:$C$126,2,0) -> 0 | AN28: =$BG$8-AM28 -> 0 | AP28: 21 | AQ28: =Partici!D54 -> 0 | AR28: =VLOOKUP(AQ28,'DIA 3'!$B$59:$C$126,2,0) -> 0 | AS28: =$AR$8-AR28 -> 0 | AU28: 21 | AV28: =Partici!E54 -> 0 | AW28: =VLOOKUP(AV28,'DIA 4'!$B$59:$C$126,2,0) -> 0 | AX28: =$AW$8-AW28 -> 0 | AZ28: 21 | BA28: =Partici!F35 -> 0 | BB28: =VLOOKUP(BA28,'DIA 5'!$B$59:$C$126,2,0) -> 0 | BC28: =$BB$8-BB28 -> 0 | BE28: 21 | BF28: =Partici!G35 -> 0 | BG28: =VLOOKUP(BF28,'DIA 6'!$B$59:$C$126,2,0) -> 0 | BH28: =$BG$8-BG28 -> 0 | BJ28: 21 | BK28: =Partici!H35 -> 0 | BL28: =VLOOKUP(BK28,'DIA 7'!$B$59:$C$126,2,0) -> 0 | BM28: =$BL$8-BL28 -> 0 | BO28: 21 | BP28: =Partici!I35 -> 0 | BQ28: =VLOOKUP(BP28,'DIA 8'!$B$59:$C$126,2,0) -> 0 | BR28: =$BQ$8-BQ28 -> 0 | BT28: 21 | BU28: =Partici!J35 -> 0 | BV28: =VLOOKUP(BU28,'DIA 9'!$B$59:$C$126,2,0) -> 0 | BW28: =$BV$8-BV28 -> 0 | BY28: 21 | BZ28: =Partici!K35 -> 0 | CA28: =VLOOKUP(BZ28,'DIA 10'!$B$59:$C$126,2,0) -> 0 | CB28: =$CA$8-CA28 -> 0 | CD28: 21 | CE28: =Partici!L35 -> 0 | CF28: =VLOOKUP(CE28,'DIA 11'!$B$59:$C$126,2,0) -> 0 | CG28: =$CF$8-CF28 -> 0 | CI28: 21 | CJ28: =Partici!M35 -> 0 | CK28: =VLOOKUP(CJ28,'DIA 12'!$B$59:$C$126,2,0) -> 0 | CL28: =$CK$8-CK28 -> 0 | CN28: 21 | CO28: =Partici!N35 -> 0 | CP28: =VLOOKUP(CO28,'24 12 23. CLUB'!$B$59:$C$126,2,0) -> 0 | CQ28: =$CP$8-CP28 -> 0
A29: 22 | B29: =+Partici!B22 -> SIN FE | C29: ='DIA 1'!$AC$47 -> 0 | D29: ='DIA 2'!$AC$47 -> 0 | E29: ='DIA 3'!$AC$47 -> 0 | F29: ='DIA 4'!$AC$47 -> 0 | G29: ='DIA 5'!$AC$47 -> 0 | H29: ='DIA 6'!$AC$47 -> 0 | I29: ='DIA 7'!$AC$47 -> 0 | J29: ='DIA 8'!$AC$47 -> 0 | K29: ='DIA 9'!$AC$47 -> 0 | L29: ='DIA 10'!$AC$47 -> 0 | M29: ='DIA 11'!$AC$47 -> 0 | N29: ='DIA 12'!$AC$47 -> 0 | O29: ='24 12 23. CLUB'!$AC$47 -> 0 | P29: ='Dia14'!$AC$42 -> 0 | Q29: ='Dia15'!$AC$42 -> 0 | R29: ='Dia16'!$AC$42 -> 0 | S29: ='Dia17'!$AC$42 -> 0 | T29: ='Dia18'!$AC$42 -> 0 | U29: ='Dia19'!$AC$42 -> 0 | V29: ='Dia20'!$AC$42 -> 0 | W29: =SUM(Tabla1[[#This Row],[05-mar]:[10-jul20]]) -> 0 | X29: =$W$8-Tabla1[[#This Row],[TOTAL]] -> 1.1 | Z29: SOSAMAFIA | AB29: 48.7 | AC29: 37.8 | AD29: 41.8 | AF29: 22 | AG29: =Partici!B56 -> 0 | AH29: =VLOOKUP(AG29,'DIA 1'!#REF!,2,0) -> #REF! | AI29: =$BB$8-AH29 -> #REF! | AK29: 22 | AL29: =Partici!C56 -> 0 | AM29: =VLOOKUP(AL29,'DIA 2'!$B$59:$C$126,2,0) -> 0 | AN29: =$BG$8-AM29 -> 0 | AP29: 22 | AQ29: =Partici!D57 -> 0 | AR29: =VLOOKUP(AQ29,'DIA 3'!$B$59:$C$126,2,0) -> 0 | AS29: =$AR$8-AR29 -> 0 | AU29: 22 | AV29: =Partici!E53 -> 0 | AW29: =VLOOKUP(AV29,'DIA 4'!$B$59:$C$126,2,0) -> 0 | AX29: =$AW$8-AW29 -> 0 | AZ29: 22 | BA29: =Partici!F41 -> 0 | BB29: =VLOOKUP(BA29,'DIA 5'!$B$59:$C$126,2,0) -> 0 | BC29: =$BB$8-BB29 -> 0 | BE29: 22 | BF29: =Partici!G41 -> 0 | BG29: =VLOOKUP(BF29,'DIA 6'!$B$59:$C$126,2,0) -> 0 | BH29: =$BG$8-BG29 -> 0 | BJ29: 22 | BK29: =Partici!H41 -> 0 | BL29: =VLOOKUP(BK29,'DIA 7'!$B$59:$C$126,2,0) -> 0 | BM29: =$BL$8-BL29 -> 0 | BO29: 22 | BP29: =Partici!I41 -> 0 | BQ29: =VLOOKUP(BP29,'DIA 8'!$B$59:$C$126,2,0) -> 0 | BR29: =$BQ$8-BQ29 -> 0 | BT29: 22 | BU29: =Partici!J41 -> 0 | BV29: =VLOOKUP(BU29,'DIA 9'!$B$59:$C$126,2,0) -> 0 | BW29: =$BV$8-BV29 -> 0 | BY29: 22 | BZ29: =Partici!K41 -> 0 | CA29: =VLOOKUP(BZ29,'DIA 10'!$B$59:$C$126,2,0) -> 0 | CB29: =$CA$8-CA29 -> 0 | CD29: 22 | CE29: =Partici!L41 -> 0 | CF29: =VLOOKUP(CE29,'DIA 11'!$B$59:$C$126,2,0) -> 0 | CG29: =$CF$8-CF29 -> 0 | CI29: 22 | CJ29: =Partici!M41 -> 0 | CK29: =VLOOKUP(CJ29,'DIA 12'!$B$59:$C$126,2,0) -> 0 | CL29: =$CK$8-CK29 -> 0 | CN29: 22 | CO29: =Partici!N41 -> 0 | CP29: =VLOOKUP(CO29,'24 12 23. CLUB'!$B$59:$C$126,2,0) -> 0 | CQ29: =$CP$8-CP29 -> 0
A30: 23 | B30: =+Partici!B24 -> NANO | C30: ='DIA 1'!$AC$51 -> 0 | D30: ='DIA 2'!$AC$51 -> 0 | E30: ='DIA 3'!$AC$51 -> 0 | F30: ='DIA 4'!$AC$51 -> 0 | G30: ='DIA 5'!$AC$51 -> 0 | H30: ='DIA 6'!$AC$51 -> 0 | I30: ='DIA 7'!$AC$51 -> 0 | J30: ='DIA 8'!$AC$51 -> 0 | K30: ='DIA 9'!$AC$51 -> 0 | L30: ='DIA 10'!$AC$51 -> 0 | M30: ='DIA 11'!$AC$51 -> 0 | N30: ='DIA 12'!$AC$51 -> 0 | O30: ='24 12 23. CLUB'!$AC$51 -> 0 | P30: ='Dia14'!$AC$46 -> 0 | Q30: ='Dia15'!$AC$46 -> 0 | R30: ='Dia16'!$AC$46 -> 0 | S30: ='Dia17'!$AC$46 -> 0 | T30: ='Dia18'!$AC$46 -> 0 | U30: ='Dia19'!$AC$46 -> 0 | V30: ='Dia20'!$AC$46 -> 0 | W30: =SUM(Tabla1[[#This Row],[05-mar]:[10-jul20]]) -> 0 | X30: =$W$8-Tabla1[[#This Row],[TOTAL]] -> 1.1 | Z30: EOBART THAWNE | AA30: 25.7 | AB30: 27.6 | AC30: 17.7 | AD30: 31.5 | AF30: 23 | AG30: =Partici!B57 -> 0 | AH30: =VLOOKUP(AG30,'DIA 1'!#REF!,2,0) -> #REF! | AI30: =$BB$8-AH30 -> #REF! | AK30: 23 | AL30: =Partici!C57 -> 0 | AM30: =VLOOKUP(AL30,'DIA 2'!$B$59:$C$126,2,0) -> 0 | AN30: =$BG$8-AM30 -> 0 | AP30: 23 | AQ30: =Partici!D50 -> 0 | AR30: =VLOOKUP(AQ30,'DIA 3'!$B$59:$C$126,2,0) -> 0 | AS30: =$AR$8-AR30 -> 0 | AU30: 23 | AV30: =Partici!E57 -> 0 | AW30: =VLOOKUP(AV30,'DIA 4'!$B$59:$C$126,2,0) -> 0 | AX30: =$AW$8-AW30 -> 0 | AZ30: 23 | BA30: =Partici!F57 -> 0 | BB30: =VLOOKUP(BA30,'DIA 5'!$B$59:$C$126,2,0) -> 0 | BC30: =$BB$8-BB30 -> 0 | BE30: 23 | BF30: =Partici!G57 -> 0 | BG30: =VLOOKUP(BF30,'DIA 6'!$B$59:$C$126,2,0) -> 0 | BH30: =$BG$8-BG30 -> 0 | BJ30: 23 | BK30: =Partici!H57 -> 0 | BL30: =VLOOKUP(BK30,'DIA 7'!$B$59:$C$126,2,0) -> 0 | BM30: =$BL$8-BL30 -> 0 | BO30: 23 | BP30: =Partici!I57 -> 0 | BQ30: =VLOOKUP(BP30,'DIA 8'!$B$59:$C$126,2,0) -> 0 | BR30: =$BQ$8-BQ30 -> 0 | BT30: 23 | BU30: =Partici!J57 -> 0 | BV30: =VLOOKUP(BU30,'DIA 9'!$B$59:$C$126,2,0) -> 0 | BW30: =$BV$8-BV30 -> 0 | BY30: 23 | BZ30: =Partici!K57 -> 0 | CA30: =VLOOKUP(BZ30,'DIA 10'!$B$59:$C$126,2,0) -> 0 | CB30: =$CA$8-CA30 -> 0 | CD30: 23 | CE30: =Partici!L57 -> 0 | CF30: =VLOOKUP(CE30,'DIA 11'!$B$59:$C$126,2,0) -> 0 | CG30: =$CF$8-CF30 -> 0 | CI30: 23 | CJ30: =Partici!M57 -> 0 | CK30: =VLOOKUP(CJ30,'DIA 12'!$B$59:$C$126,2,0) -> 0 | CL30: =$CK$8-CK30 -> 0 | CN30: 23 | CO30: =Partici!N57 -> 0 | CP30: =VLOOKUP(CO30,'24 12 23. CLUB'!$B$59:$C$126,2,0) -> 0 | CQ30: =$CP$8-CP30 -> 0
A31: 24 | B31: =+Partici!B25 -> PINKY | C31: ='DIA 1'!$AC$53 -> 9.7 | D31: ='DIA 2'!$AC$53 -> 0 | E31: ='DIA 3'!$AC$53 -> 0 | F31: ='DIA 4'!$AC$53 -> 0 | G31: ='DIA 5'!$AC$53 -> 0 | H31: ='DIA 6'!$AC$53 -> 0 | I31: ='DIA 7'!$AC$53 -> 0 | J31: ='DIA 8'!$AC$53 -> 0 | K31: ='DIA 9'!$AC$53 -> 0 | L31: ='DIA 10'!$AC$53 -> 0 | M31: ='DIA 11'!$AC$53 -> 0 | N31: ='DIA 12'!$AC$53 -> 0 | O31: ='24 12 23. CLUB'!$AC$53 -> 0 | P31: ='Dia14'!$AC$48 -> 0 | Q31: ='Dia15'!$AC$48 -> 0 | R31: ='Dia16'!$AC$48 -> 0 | S31: ='Dia17'!$AC$48 -> 0 | T31: ='Dia18'!$AC$48 -> 0 | U31: ='Dia19'!$AC$48 -> 0 | V31: ='Dia20'!$AC$48 -> 0 | W31: =SUM(Tabla1[[#This Row],[05-mar]:[10-jul20]]) -> 9.7 | X31: =$W$8-Tabla1[[#This Row],[TOTAL]] -> -8.6 | AF31: 24 | AG31: =Partici!B58 -> 0 | AH31: =VLOOKUP(AG31,'DIA 1'!#REF!,2,0) -> #REF! | AI31: =$BB$8-AH31 -> #REF! | AK31: 24 | AL31: =Partici!C58 -> 0 | AM31: =VLOOKUP(AL31,'DIA 2'!$B$59:$C$126,2,0) -> 0 | AN31: =$BG$8-AM31 -> 0 | AP31: 24 | AQ31: =Partici!D56 -> 0 | AR31: =VLOOKUP(AQ31,'DIA 3'!$B$59:$C$126,2,0) -> 0 | AS31: =$AR$8-AR31 -> 0 | AU31: 24 | AV31: =Partici!E58 -> 0 | AW31: =VLOOKUP(AV31,'DIA 4'!$B$59:$C$126,2,0) -> 0 | AX31: =$AW$8-AW31 -> 0 | AZ31: 24 | BA31: =Partici!F58 -> 0 | BB31: =VLOOKUP(BA31,'DIA 5'!$B$59:$C$126,2,0) -> 0 | BC31: =$BB$8-BB31 -> 0 | BE31: 24 | BF31: =Partici!G58 -> 0 | BG31: =VLOOKUP(BF31,'DIA 6'!$B$59:$C$126,2,0) -> 0 | BH31: =$BG$8-BG31 -> 0 | BJ31: 24 | BK31: =Partici!H58 -> 0 | BL31: =VLOOKUP(BK31,'DIA 7'!$B$59:$C$126,2,0) -> 0 | BM31: =$BL$8-BL31 -> 0 | BO31: 24 | BP31: =Partici!I58 -> 0 | BQ31: =VLOOKUP(BP31,'DIA 8'!$B$59:$C$126,2,0) -> 0 | BR31: =$BQ$8-BQ31 -> 0 | BT31: 24 | BU31: =Partici!J58 -> 0 | BV31: =VLOOKUP(BU31,'DIA 9'!$B$59:$C$126,2,0) -> 0 | BW31: =$BV$8-BV31 -> 0 | BY31: 24 | BZ31: =Partici!K58 -> 0 | CA31: =VLOOKUP(BZ31,'DIA 10'!$B$59:$C$126,2,0) -> 0 | CB31: =$CA$8-CA31 -> 0 | CD31: 24 | CE31: =Partici!L58 -> 0 | CF31: =VLOOKUP(CE31,'DIA 11'!$B$59:$C$126,2,0) -> 0 | CG31: =$CF$8-CF31 -> 0 | CI31: 24 | CJ31: =Partici!M58 -> 0 | CK31: =VLOOKUP(CJ31,'DIA 12'!$B$59:$C$126,2,0) -> 0 | CL31: =$CK$8-CK31 -> 0 | CN31: 24 | CO31: =Partici!N58 -> 0 | CP31: =VLOOKUP(CO31,'24 12 23. CLUB'!$B$59:$C$126,2,0) -> 0 | CQ31: =$CP$8-CP31 -> 0
A32: 25 | B32: =+Partici!B26 -> ROMATRI | C32: ='DIA 1'!$AC$55 -> 3.9 | D32: ='DIA 2'!$AC$53 -> 0 | E32: ='DIA 3'!$AC$53 -> 0 | F32: ='DIA 4'!$AC$53 -> 0 | G32: ='DIA 5'!$AC$53 -> 0 | H32: ='DIA 6'!$AC$53 -> 0 | I32: ='DIA 7'!$AC$53 -> 0 | J32: ='DIA 8'!$AC$53 -> 0 | K32: ='DIA 9'!$AC$53 -> 0 | L32: ='DIA 10'!$AC$53 -> 0 | M32: ='DIA 11'!$AC$53 -> 0 | N32: ='DIA 12'!$AC$53 -> 0 | O32: ='24 12 23. CLUB'!$AC$53 -> 0 | P32: ='Dia14'!$AC$48 -> 0 | Q32: ='Dia15'!$AC$48 -> 0 | R32: ='Dia16'!$AC$48 -> 0 | S32: ='Dia17'!$AC$48 -> 0 | T32: ='Dia18'!$AC$48 -> 0 | U32: ='Dia19'!$AC$48 -> 0 | V32: ='Dia20'!$AC$48 -> 0 | W32: =SUM(Tabla1[[#This Row],[05-mar]:[10-jul20]]) -> 3.9 | X32: =$W$8-Tabla1[[#This Row],[TOTAL]] -> -2.8
A33: 26 | B33: =+Partici!B27 -> PASASTE BANDIDO | C33: ='DIA 1'!$AC$57 -> 0 | D33: ='DIA 2'!$AC$53 -> 0 | E33: ='DIA 3'!$AC$53 -> 0 | F33: ='DIA 4'!$AC$53 -> 0 | G33: ='DIA 5'!$AC$53 -> 0 | H33: ='DIA 6'!$AC$53 -> 0 | I33: ='DIA 7'!$AC$53 -> 0 | J33: ='DIA 8'!$AC$53 -> 0 | K33: ='DIA 9'!$AC$53 -> 0 | L33: ='DIA 10'!$AC$53 -> 0 | M33: ='DIA 11'!$AC$53 -> 0 | N33: ='DIA 12'!$AC$53 -> 0 | O33: ='24 12 23. CLUB'!$AC$53 -> 0 | P33: ='Dia14'!$AC$48 -> 0 | Q33: ='Dia15'!$AC$48 -> 0 | R33: ='Dia16'!$AC$48 -> 0 | S33: ='Dia17'!$AC$48 -> 0 | T33: ='Dia18'!$AC$48 -> 0 | U33: ='Dia19'!$AC$48 -> 0 | V33: ='Dia20'!$AC$48 -> 0 | W33: =SUM(Tabla1[[#This Row],[05-mar]:[10-jul20]]) -> 0 | X33: =$W$8-Tabla1[[#This Row],[TOTAL]] -> 1.1
A34: 27 | B34: =+Partici!B28 -> STORMILORD | C34: ='DIA 1'!$AC$59 -> 0 | D34: ='DIA 2'!$AC$53 -> 0 | E34: ='DIA 3'!$AC$53 -> 0 | F34: ='DIA 4'!$AC$53 -> 0 | G34: ='DIA 5'!$AC$53 -> 0 | H34: ='DIA 6'!$AC$53 -> 0 | I34: ='DIA 7'!$AC$53 -> 0 | J34: ='DIA 8'!$AC$53 -> 0 | K34: ='DIA 9'!$AC$53 -> 0 | L34: ='DIA 10'!$AC$53 -> 0 | M34: ='DIA 11'!$AC$53 -> 0 | N34: ='DIA 12'!$AC$53 -> 0 | O34: ='24 12 23. CLUB'!$AC$53 -> 0 | P34: ='Dia14'!$AC$48 -> 0 | Q34: ='Dia15'!$AC$48 -> 0 | R34: ='Dia16'!$AC$48 -> 0 | S34: ='Dia17'!$AC$48 -> 0 | T34: ='Dia18'!$AC$48 -> 0 | U34: ='Dia19'!$AC$48 -> 0 | V34: ='Dia20'!$AC$48 -> 0 | W34: =SUM(Tabla1[[#This Row],[05-mar]:[10-jul20]]) -> 0 | X34: =$W$8-Tabla1[[#This Row],[TOTAL]] -> 1.1
A35: 28 | B35: =+Partici!B29 -> 0 | C35: ='DIA 1'!$AC$53 -> 9.7 | D35: ='DIA 2'!$AC$53 -> 0 | E35: ='DIA 3'!$AC$53 -> 0 | F35: ='DIA 4'!$AC$53 -> 0 | G35: ='DIA 5'!$AC$53 -> 0 | H35: ='DIA 6'!$AC$53 -> 0 | I35: ='DIA 7'!$AC$53 -> 0 | J35: ='DIA 8'!$AC$53 -> 0 | K35: ='DIA 9'!$AC$53 -> 0 | L35: ='DIA 10'!$AC$53 -> 0 | M35: ='DIA 11'!$AC$53 -> 0 | N35: ='DIA 12'!$AC$53 -> 0 | O35: ='24 12 23. CLUB'!$AC$53 -> 0 | P35: ='Dia14'!$AC$48 -> 0 | Q35: ='Dia15'!$AC$48 -> 0 | R35: ='Dia16'!$AC$48 -> 0 | S35: ='Dia17'!$AC$48 -> 0 | T35: ='Dia18'!$AC$48 -> 0 | U35: ='Dia19'!$AC$48 -> 0 | V35: ='Dia20'!$AC$48 -> 0 | W35: =SUM(Tabla1[[#This Row],[05-mar]:[10-jul20]]) -> 9.7 | X35: =$W$8-Tabla1[[#This Row],[TOTAL]] -> -8.6
A36: 29 | B36: =+Partici!B30 -> 0 | C36: ='DIA 1'!$AC$53 -> 9.7 | D36: ='DIA 2'!$AC$53 -> 0 | E36: ='DIA 3'!$AC$53 -> 0 | F36: ='DIA 4'!$AC$53 -> 0 | G36: ='DIA 5'!$AC$53 -> 0 | H36: ='DIA 6'!$AC$53 -> 0 | I36: ='DIA 7'!$AC$53 -> 0 | J36: ='DIA 8'!$AC$53 -> 0 | K36: ='DIA 9'!$AC$53 -> 0 | L36: ='DIA 10'!$AC$53 -> 0 | M36: ='DIA 11'!$AC$53 -> 0 | N36: ='DIA 12'!$AC$53 -> 0 | O36: ='24 12 23. CLUB'!$AC$53 -> 0 | P36: ='Dia14'!$AC$48 -> 0 | Q36: ='Dia15'!$AC$48 -> 0 | R36: ='Dia16'!$AC$48 -> 0 | S36: ='Dia17'!$AC$48 -> 0 | T36: ='Dia18'!$AC$48 -> 0 | U36: ='Dia19'!$AC$48 -> 0 | V36: ='Dia20'!$AC$48 -> 0 | W36: =SUM(Tabla1[[#This Row],[05-mar]:[10-jul20]]) -> 9.7 | X36: =$W$8-Tabla1[[#This Row],[TOTAL]] -> -8.6
A37: 30 | B37: =+Partici!B31 -> 0 | C37: ='DIA 1'!$AC$53 -> 9.7 | D37: ='DIA 2'!$AC$53 -> 0 | E37: ='DIA 3'!$AC$53 -> 0 | F37: ='DIA 4'!$AC$53 -> 0 | G37: ='DIA 5'!$AC$53 -> 0 | H37: ='DIA 6'!$AC$53 -> 0 | I37: ='DIA 7'!$AC$53 -> 0 | J37: ='DIA 8'!$AC$53 -> 0 | K37: ='DIA 9'!$AC$53 -> 0 | L37: ='DIA 10'!$AC$53 -> 0 | M37: ='DIA 11'!$AC$53 -> 0 | N37: ='DIA 12'!$AC$53 -> 0 | O37: ='24 12 23. CLUB'!$AC$53 -> 0 | P37: ='Dia14'!$AC$48 -> 0 | Q37: ='Dia15'!$AC$48 -> 0 | R37: ='Dia16'!$AC$48 -> 0 | S37: ='Dia17'!$AC$48 -> 0 | T37: ='Dia18'!$AC$48 -> 0 | U37: ='Dia19'!$AC$48 -> 0 | V37: ='Dia20'!$AC$48 -> 0 | W37: =SUM(Tabla1[[#This Row],[05-mar]:[10-jul20]]) -> 9.7 | X37: =$W$8-Tabla1[[#This Row],[TOTAL]] -> -8.6
A51: 29 | AF51: POLLA DIECIOCHERA: ENCUENTRO HIPICO DIA 1 HCH - 30 11 23 | AK51: POLLA DIECIOCHERA: ENCUENTRO HIPICO DIA 2 CHS - 01 12 23 | AP51: POLLA DIECIOCHERA: ENCUENTRO HIPICO DIA 3 HCH - 02 12 23 | AU51: POLLA DIECIOCHERA: ENCUENTRO HIPICO DIA 4 CHS - 04 12 23 | AZ51: POLLA DIECIOCHERA: ENCUENTRO HIPICO DIA 5 HCH - 07 12 23 | BE51: POLLA DIECIOCHERA: ENCUENTRO HIPICO DIA 6 CHS - 08 12 23 | BJ51: POLLA DIECIOCHERA: ENCUENTRO HIPICO DIA 7 HCH - 09 12 23 | BO51: POLLA DIECIOCHERA: ENCUENTRO HIPICO DIA 8 HCH - 14 12 23 | BT51: POLLA DIECIOCHERA: ENCUENTRO HIPICO DIA 9 CHS - 15 12 23 | BY51: POLLA DIECIOCHERA: ENCUENTRO HIPICO DIA 10 HCH - 16 12 23 | CD51: POLLA DIECIOCHERA: ENCUENTRO HIPICO DIA 11 CHS - 22 12 23 | CI51: POLLA DIECIOCHERA: ENCUENTRO HIPICO DIA 12 HCH - 23 12 23 | CN51: POLLA DIECIOCHERA: ENCUENTRO HIPICO DIA 13 CHS - 24 12 23
A52: 30 | AE52: DIARIAS NAV
A53: 31
A54: 32 | AF54: LUGAR | AG54: STUD | AH54: TOTAL | AI54: Diferencia | AK54: LUGAR | AL54: STUD | AM54: TOTAL | AN54: Diferencia | AP54: LUGAR | AQ54: STUD | AR54: TOTAL | AS54: Diferencia | AU54: LUGAR | AV54: STUD | AW54: TOTAL | AX54: Diferencia | AZ54: LUGAR | BA54: STUD | BB54: TOTAL | BC54: Diferencia | BE54: LUGAR | BF54: STUD | BG54: TOTAL | BH54: Diferencia | BJ54: LUGAR | BK54: STUD | BL54: TOTAL | BM54: Diferencia | BO54: LUGAR | BP54: STUD | BQ54: TOTAL | BR54: Diferencia | BT54: LUGAR | BU54: STUD | BV54: TOTAL | BW54: Diferencia | BY54: LUGAR | BZ54: STUD | CA54: TOTAL | CB54: Diferencia | CD54: LUGAR | CE54: STUD | CF54: TOTAL | CG54: Diferencia | CI54: LUGAR | CJ54: STUD | CK54: TOTAL | CL54: Diferencia | CN54: LUGAR | CO54: STUD | CP54: TOTAL | CQ54: Diferencia
A55: 33 | AF55: 1 | AG55: =Partici!B18 -> ARRE DEMONIO | AH55: =VLOOKUP(AG55,'DIA 1'!$B$7:$C$54,2,0) -> 0 | AK55: 1 | AL55: =Partici!B18 -> ARRE DEMONIO | AM55: =VLOOKUP(AL55,'DIA 2'!$B$7:$C$54,2,0) -> 0 | AP55: 1 | AQ55: =Partici!B18 -> ARRE DEMONIO | AR55: =VLOOKUP(AQ55,'DIA 3'!$B$7:$C$54,2,0) -> 0 | AU55: 1 | AV55: =Partici!B18 -> ARRE DEMONIO | AW55: =VLOOKUP(AV55,'DIA 4'!$B$7:$C$54,2,0) -> 0 | AZ55: 1 | BA55: =Partici!B18 -> ARRE DEMONIO | BB55: =VLOOKUP(BA55,'DIA 5'!$B$7:$C$54,2,0) -> 0 | BE55: 1 | BF55: =Partici!B18 -> ARRE DEMONIO | BG55: =VLOOKUP(BF55,'DIA 6'!$B$7:$C$54,2,0) -> 0 | BJ55: 1 | BK55: =Partici!B18 -> ARRE DEMONIO | BL55: =VLOOKUP(BK55,'DIA 7'!$B$7:$C$54,2,0) -> 0 | BO55: 1 | BP55: =Partici!B18 -> ARRE DEMONIO | BQ55: =VLOOKUP(BP55,'DIA 8'!$B$7:$C$54,2,0) -> 0 | BT55: 1 | BU55: =Partici!B18 -> ARRE DEMONIO | BV55: =VLOOKUP(BU55,'DIA 9'!$B$7:$C$54,2,0) -> 0 | BY55: 1 | BZ55: =Partici!B18 -> ARRE DEMONIO | CA55: =VLOOKUP(BZ55,'DIA 10'!$B$7:$C$54,2,0) -> 0 | CD55: 1 | CE55: =Partici!B18 -> ARRE DEMONIO | CF55: =VLOOKUP(CE55,'DIA 11'!$B$7:$C$54,2,0) -> 0 | CI55: 1 | CJ55: =Partici!B18 -> ARRE DEMONIO | CK55: =VLOOKUP(CJ55,'DIA 12'!$B$7:$C$54,2,0) -> 0 | CN55: 1 | CO55: =Partici!B18 -> ARRE DEMONIO | CP55: =VLOOKUP(CO55,'24 12 23. CLUB'!$B$7:$C$54,2,0) -> 0
A56: 34 | AF56: 2 | AG56: =Partici!B5 -> OVAYORK | AH56: =VLOOKUP(AG56,'DIA 1'!$B$7:$C$54,2,0) -> 0 | AI56: =$BB$55-AH56 -> 0 | AK56: 2 | AL56: =Partici!B5 -> OVAYORK | AM56: =VLOOKUP(AL56,'DIA 2'!$B$7:$C$54,2,0) -> 0 | AN56: =$BG$55-AM56 -> 0 | AP56: 2 | AQ56: =Partici!B5 -> OVAYORK | AR56: =VLOOKUP(AQ56,'DIA 3'!$B$7:$C$54,2,0) -> 0 | AS56: =$AR$55-AR56 -> 0 | AU56: 2 | AV56: =Partici!B5 -> OVAYORK | AW56: =VLOOKUP(AV56,'DIA 4'!$B$7:$C$54,2,0) -> 0 | AX56: =$BW$55-AW56 -> 0 | AZ56: 2 | BA56: =Partici!B5 -> OVAYORK | BB56: =VLOOKUP(BA56,'DIA 5'!$B$7:$C$54,2,0) -> 0 | BC56: =$BB$55-BB56 -> 0 | BE56: 2 | BF56: =Partici!B5 -> OVAYORK | BG56: =VLOOKUP(BF56,'DIA 6'!$B$7:$C$54,2,0) -> 0 | BH56: =$BG$55-BG56 -> 0 | BJ56: 2 | BK56: =Partici!B5 -> OVAYORK | BL56: =VLOOKUP(BK56,'DIA 7'!$B$7:$C$54,2,0) -> 0 | BM56: =$BL$55-BL56 -> 0 | BO56: 2 | BP56: =Partici!B5 -> OVAYORK | BQ56: =VLOOKUP(BP56,'DIA 8'!$B$7:$C$54,2,0) -> 0 | BR56: =$BQ$55-BQ56 -> 0 | BT56: 2 | BU56: =Partici!B5 -> OVAYORK | BV56: =VLOOKUP(BU56,'DIA 9'!$B$7:$C$54,2,0) -> 0 | BW56: =$BV$55-BV56 -> 0 | BY56: 2 | BZ56: =Partici!B5 -> OVAYORK | CA56: =VLOOKUP(BZ56,'DIA 10'!$B$7:$C$54,2,0) -> 0 | CB56: =$CA$55-CA56 -> 0 | CD56: 2 | CE56: =Partici!B5 -> OVAYORK | CF56: =VLOOKUP(CE56,'DIA 11'!$B$7:$C$54,2,0) -> 0 | CG56: =$CF$55-CF56 -> 0 | CI56: 2 | CJ56: =Partici!B5 -> OVAYORK | CK56: =VLOOKUP(CJ56,'DIA 12'!$B$7:$C$54,2,0) -> 0 | CL56: =$CK$55-CK56 -> 0 | CN56: 2 | CO56: =Partici!B5 -> OVAYORK | CP56: =VLOOKUP(CO56,'24 12 23. CLUB'!$B$7:$C$54,2,0) -> 0 | CQ56: =$CP$55-CP56 -> 0
A57: 35 | AF57: 3 | AG57: =Partici!B11 -> KOKE | AH57: =VLOOKUP(AG57,'DIA 1'!$B$7:$C$54,2,0) -> 9.7 | AI57: =$BB$55-AH57 -> -9.7 | AK57: 3 | AL57: =Partici!B11 -> KOKE | AM57: =VLOOKUP(AL57,'DIA 2'!$B$7:$C$54,2,0) -> 0 | AN57: =$BG$55-AM57 -> 0 | AP57: 3 | AQ57: =Partici!B11 -> KOKE | AR57: =VLOOKUP(AQ57,'DIA 3'!$B$7:$C$54,2,0) -> 0 | AS57: =$AR$55-AR57 -> 0 | AU57: 3 | AV57: =Partici!B11 -> KOKE | AW57: =VLOOKUP(AV57,'DIA 4'!$B$7:$C$54,2,0) -> 0 | AX57: =$BW$55-AW57 -> 0 | AZ57: 3 | BA57: =Partici!B11 -> KOKE | BB57: =VLOOKUP(BA57,'DIA 5'!$B$7:$C$54,2,0) -> 0 | BC57: =$BB$55-BB57 -> 0 | BE57: 3 | BF57: =Partici!B11 -> KOKE | BG57: =VLOOKUP(BF57,'DIA 6'!$B$7:$C$54,2,0) -> 0 | BH57: =$BG$55-BG57 -> 0 | BJ57: 3 | BK57: =Partici!B11 -> KOKE | BL57: =VLOOKUP(BK57,'DIA 7'!$B$7:$C$54,2,0) -> 0 | BM57: =$BL$55-BL57 -> 0 | BO57: 3 | BP57: =Partici!B11 -> KOKE | BQ57: =VLOOKUP(BP57,'DIA 8'!$B$7:$C$54,2,0) -> 0 | BR57: =$BQ$55-BQ57 -> 0 | BT57: 3 | BU57: =Partici!B11 -> KOKE | BV57: =VLOOKUP(BU57,'DIA 9'!$B$7:$C$54,2,0) -> 0 | BW57: =$BV$55-BV57 -> 0 | BY57: 3 | BZ57: =Partici!B11 -> KOKE | CA57: =VLOOKUP(BZ57,'DIA 10'!$B$7:$C$54,2,0) -> 0 | CB57: =$CA$55-CA57 -> 0 | CD57: 3 | CE57: =Partici!B11 -> KOKE | CF57: =VLOOKUP(CE57,'DIA 11'!$B$7:$C$54,2,0) -> 0 | CG57: =$CF$55-CF57 -> 0 | CI57: 3 | CJ57: =Partici!B11 -> KOKE | CK57: =VLOOKUP(CJ57,'DIA 12'!$B$7:$C$54,2,0) -> 0 | CL57: =$CK$55-CK57 -> 0 | CN57: 3 | CO57: =Partici!B11 -> KOKE | CP57: =VLOOKUP(CO57,'24 12 23. CLUB'!$B$7:$C$54,2,0) -> 0 | CQ57: =$CP$55-CP57 -> 0
A58: 36 | AF58: 4 | AG58: =Partici!B8 -> TOCOCO | AH58: =VLOOKUP(AG58,'DIA 1'!$B$7:$C$54,2,0) -> 9.7 | AI58: =$BB$55-AH58 -> -9.7 | AK58: 4 | AL58: =Partici!B8 -> TOCOCO | AM58: =VLOOKUP(AL58,'DIA 2'!$B$7:$C$54,2,0) -> 0 | AN58: =$BG$55-AM58 -> 0 | AP58: 4 | AQ58: =Partici!B8 -> TOCOCO | AR58: =VLOOKUP(AQ58,'DIA 3'!$B$7:$C$54,2,0) -> 0 | AS58: =$AR$55-AR58 -> 0 | AU58: 4 | AV58: =Partici!B8 -> TOCOCO | AW58: =VLOOKUP(AV58,'DIA 4'!$B$7:$C$54,2,0) -> 0 | AX58: =$BW$55-AW58 -> 0 | AZ58: 4 | BA58: =Partici!B8 -> TOCOCO | BB58: =VLOOKUP(BA58,'DIA 5'!$B$7:$C$54,2,0) -> 0 | BC58: =$BB$55-BB58 -> 0 | BE58: 4 | BF58: =Partici!B8 -> TOCOCO | BG58: =VLOOKUP(BF58,'DIA 6'!$B$7:$C$54,2,0) -> 0 | BH58: =$BG$55-BG58 -> 0 | BJ58: 4 | BK58: =Partici!B8 -> TOCOCO | BL58: =VLOOKUP(BK58,'DIA 7'!$B$7:$C$54,2,0) -> 0 | BM58: =$BL$55-BL58 -> 0 | BO58: 4 | BP58: =Partici!B8 -> TOCOCO | BQ58: =VLOOKUP(BP58,'DIA 8'!$B$7:$C$54,2,0) -> 0 | BR58: =$BQ$55-BQ58 -> 0 | BT58: 4 | BU58: =Partici!B8 -> TOCOCO | BV58: =VLOOKUP(BU58,'DIA 9'!$B$7:$C$54,2,0) -> 0 | BW58: =$BV$55-BV58 -> 0 | BY58: 4 | BZ58: =Partici!B8 -> TOCOCO | CA58: =VLOOKUP(BZ58,'DIA 10'!$B$7:$C$54,2,0) -> 0 | CB58: =$CA$55-CA58 -> 0 | CD58: 4 | CE58: =Partici!B8 -> TOCOCO | CF58: =VLOOKUP(CE58,'DIA 11'!$B$7:$C$54,2,0) -> 0 | CG58: =$CF$55-CF58 -> 0 | CI58: 4 | CJ58: =Partici!B8 -> TOCOCO | CK58: =VLOOKUP(CJ58,'DIA 12'!$B$7:$C$54,2,0) -> 0 | CL58: =$CK$55-CK58 -> 0 | CN58: 4 | CO58: =Partici!B8 -> TOCOCO | CP58: =VLOOKUP(CO58,'24 12 23. CLUB'!$B$7:$C$54,2,0) -> 0 | CQ58: =$CP$55-CP58 -> 0
A59: 37 | AF59: 5 | AG59: =Partici!B24 -> NANO | AH59: =VLOOKUP(AG59,'DIA 1'!$B$7:$C$54,2,0) -> 0 | AI59: =$BB$55-AH59 -> 0 | AK59: 5 | AL59: =Partici!B24 -> NANO | AM59: =VLOOKUP(AL59,'DIA 2'!$B$7:$C$54,2,0) -> 0 | AN59: =$BG$55-AM59 -> 0 | AP59: 5 | AQ59: =Partici!B24 -> NANO | AR59: =VLOOKUP(AQ59,'DIA 3'!$B$7:$C$54,2,0) -> 0 | AS59: =$AR$55-AR59 -> 0 | AU59: 5 | AV59: =Partici!B24 -> NANO | AW59: =VLOOKUP(AV59,'DIA 4'!$B$7:$C$54,2,0) -> 0 | AX59: =$BW$55-AW59 -> 0 | AZ59: 5 | BA59: =Partici!B24 -> NANO | BB59: =VLOOKUP(BA59,'DIA 5'!$B$7:$C$54,2,0) -> 0 | BC59: =$BB$55-BB59 -> 0 | BE59: 5 | BF59: =Partici!B24 -> NANO | BG59: =VLOOKUP(BF59,'DIA 6'!$B$7:$C$54,2,0) -> 0 | BH59: =$BG$55-BG59 -> 0 | BJ59: 5 | BK59: =Partici!B24 -> NANO | BL59: =VLOOKUP(BK59,'DIA 7'!$B$7:$C$54,2,0) -> 0 | BM59: =$BL$55-BL59 -> 0 | BO59: 5 | BP59: =Partici!B24 -> NANO | BQ59: =VLOOKUP(BP59,'DIA 8'!$B$7:$C$54,2,0) -> 0 | BR59: =$BQ$55-BQ59 -> 0 | BT59: 5 | BU59: =Partici!B24 -> NANO | BV59: =VLOOKUP(BU59,'DIA 9'!$B$7:$C$54,2,0) -> 0 | BW59: =$BV$55-BV59 -> 0 | BY59: 5 | BZ59: =Partici!B24 -> NANO | CA59: =VLOOKUP(BZ59,'DIA 10'!$B$7:$C$54,2,0) -> 0 | CB59: =$CA$55-CA59 -> 0 | CD59: 5 | CE59: =Partici!B24 -> NANO | CF59: =VLOOKUP(CE59,'DIA 11'!$B$7:$C$54,2,0) -> 0 | CG59: =$CF$55-CF59 -> 0 | CI59: 5 | CJ59: =Partici!B24 -> NANO | CK59: =VLOOKUP(CJ59,'DIA 12'!$B$7:$C$54,2,0) -> 0 | CL59: =$CK$55-CK59 -> 0 | CN59: 5 | CO59: =Partici!B24 -> NANO | CP59: =VLOOKUP(CO59,'24 12 23. CLUB'!$B$7:$C$54,2,0) -> 0 | CQ59: =$CP$55-CP59 -> 0
A60: 38 | AF60: 6 | AG60: =Partici!B25 -> PINKY | AH60: =VLOOKUP(AG60,'DIA 1'!$B$7:$C$54,2,0) -> 9.7 | AI60: =$BB$55-AH60 -> -9.7 | AK60: 6 | AL60: =Partici!B25 -> PINKY | AM60: =VLOOKUP(AL60,'DIA 2'!$B$7:$C$54,2,0) -> 0 | AN60: =$BG$55-AM60 -> 0 | AP60: 6 | AQ60: =Partici!B25 -> PINKY | AR60: =VLOOKUP(AQ60,'DIA 3'!$B$7:$C$54,2,0) -> 0 | AS60: =$AR$55-AR60 -> 0 | AU60: 6 | AV60: =Partici!B25 -> PINKY | AW60: =VLOOKUP(AV60,'DIA 4'!$B$7:$C$54,2,0) -> 0 | AX60: =$BW$55-AW60 -> 0 | AZ60: 6 | BA60: =Partici!B25 -> PINKY | BB60: =VLOOKUP(BA60,'DIA 5'!$B$7:$C$54,2,0) -> 0 | BC60: =$BB$55-BB60 -> 0 | BE60: 6 | BF60: =Partici!B25 -> PINKY | BG60: =VLOOKUP(BF60,'DIA 6'!$B$7:$C$54,2,0) -> 0 | BH60: =$BG$55-BG60 -> 0 | BJ60: 6 | BK60: =Partici!B25 -> PINKY | BL60: =VLOOKUP(BK60,'DIA 7'!$B$7:$C$54,2,0) -> 0 | BM60: =$BL$55-BL60 -> 0 | BO60: 6 | BP60: =Partici!B25 -> PINKY | BQ60: =VLOOKUP(BP60,'DIA 8'!$B$7:$C$54,2,0) -> 0 | BR60: =$BQ$55-BQ60 -> 0 | BT60: 6 | BU60: =Partici!B25 -> PINKY | BV60: =VLOOKUP(BU60,'DIA 9'!$B$7:$C$54,2,0) -> 0 | BW60: =$BV$55-BV60 -> 0 | BY60: 6 | BZ60: =Partici!B25 -> PINKY | CA60: =VLOOKUP(BZ60,'DIA 10'!$B$7:$C$54,2,0) -> 0 | CB60: =$CA$55-CA60 -> 0 | CD60: 6 | CE60: =Partici!B25 -> PINKY | CF60: =VLOOKUP(CE60,'DIA 11'!$B$7:$C$54,2,0) -> 0 | CG60: =$CF$55-CF60 -> 0 | CI60: 6 | CJ60: =Partici!B25 -> PINKY | CK60: =VLOOKUP(CJ60,'DIA 12'!$B$7:$C$54,2,0) -> 0 | CL60: =$CK$55-CK60 -> 0 | CN60: 6 | CO60: =Partici!B25 -> PINKY | CP60: =VLOOKUP(CO60,'24 12 23. CLUB'!$B$7:$C$54,2,0) -> 0 | CQ60: =$CP$55-CP60 -> 0
A61: 39 | AF61: 7 | AG61: =Partici!B21 -> SANVI | AH61: =VLOOKUP(AG61,'DIA 1'!$B$7:$C$54,2,0) -> 1.1 | AI61: =$BB$55-AH61 -> -1.1 | AK61: 7 | AL61: =Partici!B21 -> SANVI | AM61: =VLOOKUP(AL61,'DIA 2'!$B$7:$C$54,2,0) -> 0 | AN61: =$BG$55-AM61 -> 0 | AP61: 7 | AQ61: =Partici!B21 -> SANVI | AR61: =VLOOKUP(AQ61,'DIA 3'!$B$7:$C$54,2,0) -> 0 | AS61: =$AR$55-AR61 -> 0 | AU61: 7 | AV61: =Partici!B21 -> SANVI | AW61: =VLOOKUP(AV61,'DIA 4'!$B$7:$C$54,2,0) -> 0 | AX61: =$BW$55-AW61 -> 0 | AZ61: 7 | BA61: =Partici!B21 -> SANVI | BB61: =VLOOKUP(BA61,'DIA 5'!$B$7:$C$54,2,0) -> 0 | BC61: =$BB$55-BB61 -> 0 | BE61: 7 | BF61: =Partici!B21 -> SANVI | BG61: =VLOOKUP(BF61,'DIA 6'!$B$7:$C$54,2,0) -> 0 | BH61: =$BG$55-BG61 -> 0 | BJ61: 7 | BK61: =Partici!B21 -> SANVI | BL61: =VLOOKUP(BK61,'DIA 7'!$B$7:$C$54,2,0) -> 0 | BM61: =$BL$55-BL61 -> 0 | BO61: 7 | BP61: =Partici!B21 -> SANVI | BQ61: =VLOOKUP(BP61,'DIA 8'!$B$7:$C$54,2,0) -> 0 | BR61: =$BQ$55-BQ61 -> 0 | BT61: 7 | BU61: =Partici!B21 -> SANVI | BV61: =VLOOKUP(BU61,'DIA 9'!$B$7:$C$54,2,0) -> 0 | BW61: =$BV$55-BV61 -> 0 | BY61: 7 | BZ61: =Partici!B21 -> SANVI | CA61: =VLOOKUP(BZ61,'DIA 10'!$B$7:$C$54,2,0) -> 0 | CB61: =$CA$55-CA61 -> 0 | CD61: 7 | CE61: =Partici!B21 -> SANVI | CF61: =VLOOKUP(CE61,'DIA 11'!$B$7:$C$54,2,0) -> 0 | CG61: =$CF$55-CF61 -> 0 | CI61: 7 | CJ61: =Partici!B21 -> SANVI | CK61: =VLOOKUP(CJ61,'DIA 12'!$B$7:$C$54,2,0) -> 0 | CL61: =$CK$55-CK61 -> 0 | CN61: 7 | CO61: =Partici!B21 -> SANVI | CP61: =VLOOKUP(CO61,'24 12 23. CLUB'!$B$7:$C$54,2,0) -> 0 | CQ61: =$CP$55-CP61 -> 0
A62: 40 | AF62: 8 | AG62: =Partici!B19 -> SOSAMAFIA | AH62: =VLOOKUP(AG62,'DIA 1'!$B$7:$C$54,2,0) -> 0 | AI62: =$BB$55-AH62 -> 0 | AK62: 8 | AL62: =Partici!B19 -> SOSAMAFIA | AM62: =VLOOKUP(AL62,'DIA 2'!$B$7:$C$54,2,0) -> 0 | AN62: =$BG$55-AM62 -> 0 | AP62: 8 | AQ62: =Partici!B19 -> SOSAMAFIA | AR62: =VLOOKUP(AQ62,'DIA 3'!$B$7:$C$54,2,0) -> 0 | AS62: =$AR$55-AR62 -> 0 | AU62: 8 | AV62: =Partici!B19 -> SOSAMAFIA | AW62: =VLOOKUP(AV62,'DIA 4'!$B$7:$C$54,2,0) -> 0 | AX62: =$BW$55-AW62 -> 0 | AZ62: 8 | BA62: =Partici!B19 -> SOSAMAFIA | BB62: =VLOOKUP(BA62,'DIA 5'!$B$7:$C$54,2,0) -> 0 | BC62: =$BB$55-BB62 -> 0 | BE62: 8 | BF62: =Partici!B19 -> SOSAMAFIA | BG62: =VLOOKUP(BF62,'DIA 6'!$B$7:$C$54,2,0) -> 0 | BH62: =$BG$55-BG62 -> 0 | BJ62: 8 | BK62: =Partici!B19 -> SOSAMAFIA | BL62: =VLOOKUP(BK62,'DIA 7'!$B$7:$C$54,2,0) -> 0 | BM62: =$BL$55-BL62 -> 0 | BO62: 8 | BP62: =Partici!B19 -> SOSAMAFIA | BQ62: =VLOOKUP(BP62,'DIA 8'!$B$7:$C$54,2,0) -> 0 | BR62: =$BQ$55-BQ62 -> 0 | BT62: 8 | BU62: =Partici!B19 -> SOSAMAFIA | BV62: =VLOOKUP(BU62,'DIA 9'!$B$7:$C$54,2,0) -> 0 | BW62: =$BV$55-BV62 -> 0 | BY62: 8 | BZ62: =Partici!B19 -> SOSAMAFIA | CA62: =VLOOKUP(BZ62,'DIA 10'!$B$7:$C$54,2,0) -> 0 | CB62: =$CA$55-CA62 -> 0 | CD62: 8 | CE62: =Partici!B19 -> SOSAMAFIA | CF62: =VLOOKUP(CE62,'DIA 11'!$B$7:$C$54,2,0) -> 0 | CG62: =$CF$55-CF62 -> 0 | CI62: 8 | CJ62: =Partici!B19 -> SOSAMAFIA | CK62: =VLOOKUP(CJ62,'DIA 12'!$B$7:$C$54,2,0) -> 0 | CL62: =$CK$55-CK62 -> 0 | CN62: 8 | CO62: =Partici!B19 -> SOSAMAFIA | CP62: =VLOOKUP(CO62,'24 12 23. CLUB'!$B$7:$C$54,2,0) -> 0 | CQ62: =$CP$55-CP62 -> 0
A63: 41 | AF63: 9 | AG63: =Partici!B22 -> SIN FE | AH63: =VLOOKUP(AG63,'DIA 1'!$B$7:$C$54,2,0) -> 0 | AI63: =$BB$55-AH63 -> 0 | AK63: 9 | AL63: =Partici!B22 -> SIN FE | AM63: =VLOOKUP(AL63,'DIA 2'!$B$7:$C$54,2,0) -> 0 | AN63: =$BG$55-AM63 -> 0 | AP63: 9 | AQ63: =Partici!B22 -> SIN FE | AR63: =VLOOKUP(AQ63,'DIA 3'!$B$7:$C$54,2,0) -> 0 | AS63: =$AR$55-AR63 -> 0 | AU63: 9 | AV63: =Partici!B22 -> SIN FE | AW63: =VLOOKUP(AV63,'DIA 4'!$B$7:$C$54,2,0) -> 0 | AX63: =$BW$55-AW63 -> 0 | AZ63: 9 | BA63: =Partici!B22 -> SIN FE | BB63: =VLOOKUP(BA63,'DIA 5'!$B$7:$C$54,2,0) -> 0 | BC63: =$BB$55-BB63 -> 0 | BE63: 9 | BF63: =Partici!B22 -> SIN FE | BG63: =VLOOKUP(BF63,'DIA 6'!$B$7:$C$54,2,0) -> 0 | BH63: =$BG$55-BG63 -> 0 | BJ63: 9 | BK63: =Partici!B22 -> SIN FE | BL63: =VLOOKUP(BK63,'DIA 7'!$B$7:$C$54,2,0) -> 0 | BM63: =$BL$55-BL63 -> 0 | BO63: 9 | BP63: =Partici!B22 -> SIN FE | BQ63: =VLOOKUP(BP63,'DIA 8'!$B$7:$C$54,2,0) -> 0 | BR63: =$BQ$55-BQ63 -> 0 | BT63: 9 | BU63: =Partici!B22 -> SIN FE | BV63: =VLOOKUP(BU63,'DIA 9'!$B$7:$C$54,2,0) -> 0 | BW63: =$BV$55-BV63 -> 0 | BY63: 9 | BZ63: =Partici!B22 -> SIN FE | CA63: =VLOOKUP(BZ63,'DIA 10'!$B$7:$C$54,2,0) -> 0 | CB63: =$CA$55-CA63 -> 0 | CD63: 9 | CE63: =Partici!B22 -> SIN FE | CF63: =VLOOKUP(CE63,'DIA 11'!$B$7:$C$54,2,0) -> 0 | CG63: =$CF$55-CF63 -> 0 | CI63: 9 | CJ63: =Partici!B22 -> SIN FE | CK63: =VLOOKUP(CJ63,'DIA 12'!$B$7:$C$54,2,0) -> 0 | CL63: =$CK$55-CK63 -> 0 | CN63: 9 | CO63: =Partici!B22 -> SIN FE | CP63: =VLOOKUP(CO63,'24 12 23. CLUB'!$B$7:$C$54,2,0) -> 0 | CQ63: =$CP$55-CP63 -> 0
A64: 42 | AF64: 10 | AG64: =Partici!B2 -> CAMPEON DE CAMPEONES | AH64: =VLOOKUP(AG64,'DIA 1'!$B$7:$C$54,2,0) -> 3.9 | AI64: =$BB$55-AH64 -> -3.9 | AK64: 10 | AL64: =Partici!B2 -> CAMPEON DE CAMPEONES | AM64: =VLOOKUP(AL64,'DIA 2'!$B$7:$C$54,2,0) -> 0 | AN64: =$BG$55-AM64 -> 0 | AP64: 10 | AQ64: =Partici!B2 -> CAMPEON DE CAMPEONES | AR64: =VLOOKUP(AQ64,'DIA 3'!$B$7:$C$54,2,0) -> 0 | AS64: =$AR$55-AR64 -> 0 | AU64: 10 | AV64: =Partici!B2 -> CAMPEON DE CAMPEONES | AW64: =VLOOKUP(AV64,'DIA 4'!$B$7:$C$54,2,0) -> 0 | AX64: =$BW$55-AW64 -> 0 | AZ64: 10 | BA64: =Partici!B2 -> CAMPEON DE CAMPEONES | BB64: =VLOOKUP(BA64,'DIA 5'!$B$7:$C$54,2,0) -> 0 | BC64: =$BB$55-BB64 -> 0 | BE64: 10 | BF64: =Partici!B2 -> CAMPEON DE CAMPEONES | BG64: =VLOOKUP(BF64,'DIA 6'!$B$7:$C$54,2,0) -> 0 | BH64: =$BG$55-BG64 -> 0 | BJ64: 10 | BK64: =Partici!B2 -> CAMPEON DE CAMPEONES | BL64: =VLOOKUP(BK64,'DIA 7'!$B$7:$C$54,2,0) -> 0 | BM64: =$BL$55-BL64 -> 0 | BO64: 10 | BP64: =Partici!B2 -> CAMPEON DE CAMPEONES | BQ64: =VLOOKUP(BP64,'DIA 8'!$B$7:$C$54,2,0) -> 0 | BR64: =$BQ$55-BQ64 -> 0 | BT64: 10 | BU64: =Partici!B2 -> CAMPEON DE CAMPEONES | BV64: =VLOOKUP(BU64,'DIA 9'!$B$7:$C$54,2,0) -> 0 | BW64: =$BV$55-BV64 -> 0 | BY64: 10 | BZ64: =Partici!B2 -> CAMPEON DE CAMPEONES | CA64: =VLOOKUP(BZ64,'DIA 10'!$B$7:$C$54,2,0) -> 0 | CB64: =$CA$55-CA64 -> 0 | CD64: 10 | CE64: =Partici!B2 -> CAMPEON DE CAMPEONES | CF64: =VLOOKUP(CE64,'DIA 11'!$B$7:$C$54,2,0) -> 0 | CG64: =$CF$55-CF64 -> 0 | CI64: 10 | CJ64: =Partici!B2 -> CAMPEON DE CAMPEONES | CK64: =VLOOKUP(CJ64,'DIA 12'!$B$7:$C$54,2,0) -> 0 | CL64: =$CK$55-CK64 -> 0 | CN64: 10 | CO64: =Partici!B2 -> CAMPEON DE CAMPEONES | CP64: =VLOOKUP(CO64,'24 12 23. CLUB'!$B$7:$C$54,2,0) -> 0 | CQ64: =$CP$55-CP64 -> 0
A65: 43 | AF65: 11 | AG65: =Partici!B14 -> TRES COPAS | AH65: =VLOOKUP(AG65,'DIA 1'!$B$7:$C$54,2,0) -> 1.1 | AI65: =$BB$55-AH65 -> -1.1 | AK65: 11 | AL65: =Partici!B14 -> TRES COPAS | AM65: =VLOOKUP(AL65,'DIA 2'!$B$7:$C$54,2,0) -> 0 | AN65: =$BG$55-AM65 -> 0 | AP65: 11 | AQ65: =Partici!B14 -> TRES COPAS | AR65: =VLOOKUP(AQ65,'DIA 3'!$B$7:$C$54,2,0) -> 0 | AS65: =$AR$55-AR65 -> 0 | AU65: 11 | AV65: =Partici!B14 -> TRES COPAS | AW65: =VLOOKUP(AV65,'DIA 4'!$B$7:$C$54,2,0) -> 0 | AX65: =$BW$55-AW65 -> 0 | AZ65: 11 | BA65: =Partici!B14 -> TRES COPAS | BB65: =VLOOKUP(BA65,'DIA 5'!$B$7:$C$54,2,0) -> 0 | BC65: =$BB$55-BB65 -> 0 | BE65: 11 | BF65: =Partici!B14 -> TRES COPAS | BG65: =VLOOKUP(BF65,'DIA 6'!$B$7:$C$54,2,0) -> 0 | BH65: =$BG$55-BG65 -> 0 | BJ65: 11 | BK65: =Partici!B14 -> TRES COPAS | BL65: =VLOOKUP(BK65,'DIA 7'!$B$7:$C$54,2,0) -> 0 | BM65: =$BL$55-BL65 -> 0 | BO65: 11 | BP65: =Partici!B14 -> TRES COPAS | BQ65: =VLOOKUP(BP65,'DIA 8'!$B$7:$C$54,2,0) -> 0 | BR65: =$BQ$55-BQ65 -> 0 | BT65: 11 | BU65: =Partici!B14 -> TRES COPAS | BV65: =VLOOKUP(BU65,'DIA 9'!$B$7:$C$54,2,0) -> 0 | BW65: =$BV$55-BV65 -> 0 | BY65: 11 | BZ65: =Partici!B14 -> TRES COPAS | CA65: =VLOOKUP(BZ65,'DIA 10'!$B$7:$C$54,2,0) -> 0 | CB65: =$CA$55-CA65 -> 0 | CD65: 11 | CE65: =Partici!B14 -> TRES COPAS | CF65: =VLOOKUP(CE65,'DIA 11'!$B$7:$C$54,2,0) -> 0 | CG65: =$CF$55-CF65 -> 0 | CI65: 11 | CJ65: =Partici!B14 -> TRES COPAS | CK65: =VLOOKUP(CJ65,'DIA 12'!$B$7:$C$54,2,0) -> 0 | CL65: =$CK$55-CK65 -> 0 | CN65: 11 | CO65: =Partici!B14 -> TRES COPAS | CP65: =VLOOKUP(CO65,'24 12 23. CLUB'!$B$7:$C$54,2,0) -> 0 | CQ65: =$CP$55-CP65 -> 0
A66: 44 | AF66: 12 | AG66: =Partici!B12 -> SERVIFRENOS | AH66: =VLOOKUP(AG66,'DIA 1'!$B$7:$C$54,2,0) -> 0 | AI66: =$BB$55-AH66 -> 0 | AK66: 12 | AL66: =Partici!B12 -> SERVIFRENOS | AM66: =VLOOKUP(AL66,'DIA 2'!$B$7:$C$54,2,0) -> 0 | AN66: =$BG$55-AM66 -> 0 | AP66: 12 | AQ66: =Partici!B12 -> SERVIFRENOS | AR66: =VLOOKUP(AQ66,'DIA 3'!$B$7:$C$54,2,0) -> 0 | AS66: =$AR$55-AR66 -> 0 | AU66: 12 | AV66: =Partici!B12 -> SERVIFRENOS | AW66: =VLOOKUP(AV66,'DIA 4'!$B$7:$C$54,2,0) -> 0 | AX66: =$BW$55-AW66 -> 0 | AZ66: 12 | BA66: =Partici!B12 -> SERVIFRENOS | BB66: =VLOOKUP(BA66,'DIA 5'!$B$7:$C$54,2,0) -> 0 | BC66: =$BB$55-BB66 -> 0 | BE66: 12 | BF66: =Partici!B12 -> SERVIFRENOS | BG66: =VLOOKUP(BF66,'DIA 6'!$B$7:$C$54,2,0) -> 0 | BH66: =$BG$55-BG66 -> 0 | BJ66: 12 | BK66: =Partici!B12 -> SERVIFRENOS | BL66: =VLOOKUP(BK66,'DIA 7'!$B$7:$C$54,2,0) -> 0 | BM66: =$BL$55-BL66 -> 0 | BO66: 12 | BP66: =Partici!B12 -> SERVIFRENOS | BQ66: =VLOOKUP(BP66,'DIA 8'!$B$7:$C$54,2,0) -> 0 | BR66: =$BQ$55-BQ66 -> 0 | BT66: 12 | BU66: =Partici!B12 -> SERVIFRENOS | BV66: =VLOOKUP(BU66,'DIA 9'!$B$7:$C$54,2,0) -> 0 | BW66: =$BV$55-BV66 -> 0 | BY66: 12 | BZ66: =Partici!B12 -> SERVIFRENOS | CA66: =VLOOKUP(BZ66,'DIA 10'!$B$7:$C$54,2,0) -> 0 | CB66: =$CA$55-CA66 -> 0 | CD66: 12 | CE66: =Partici!B12 -> SERVIFRENOS | CF66: =VLOOKUP(CE66,'DIA 11'!$B$7:$C$54,2,0) -> 0 | CG66: =$CF$55-CF66 -> 0 | CI66: 12 | CJ66: =Partici!B12 -> SERVIFRENOS | CK66: =VLOOKUP(CJ66,'DIA 12'!$B$7:$C$54,2,0) -> 0 | CL66: =$CK$55-CK66 -> 0 | CN66: 12 | CO66: =Partici!B12 -> SERVIFRENOS | CP66: =VLOOKUP(CO66,'24 12 23. CLUB'!$B$7:$C$54,2,0) -> 0 | CQ66: =$CP$55-CP66 -> 0
A67: 45 | AF67: 13 | AG67: =Partici!B15 -> SEA COURT 1 | AH67: =VLOOKUP(AG67,'DIA 1'!$B$7:$C$54,2,0) -> 1.1 | AI67: =$BB$55-AH67 -> -1.1 | AK67: 13 | AL67: =Partici!B15 -> SEA COURT 1 | AM67: =VLOOKUP(AL67,'DIA 2'!$B$7:$C$54,2,0) -> 0 | AN67: =$BG$55-AM67 -> 0 | AP67: 13 | AQ67: =Partici!B15 -> SEA COURT 1 | AR67: =VLOOKUP(AQ67,'DIA 3'!$B$7:$C$54,2,0) -> 0 | AS67: =$AR$55-AR67 -> 0 | AU67: 13 | AV67: =Partici!B15 -> SEA COURT 1 | AW67: =VLOOKUP(AV67,'DIA 4'!$B$7:$C$54,2,0) -> 0 | AX67: =$BW$55-AW67 -> 0 | AZ67: 13 | BA67: =Partici!B15 -> SEA COURT 1 | BB67: =VLOOKUP(BA67,'DIA 5'!$B$7:$C$54,2,0) -> 0 | BC67: =$BB$55-BB67 -> 0 | BE67: 13 | BF67: =Partici!B15 -> SEA COURT 1 | BG67: =VLOOKUP(BF67,'DIA 6'!$B$7:$C$54,2,0) -> 0 | BH67: =$BG$55-BG67 -> 0 | BJ67: 13 | BK67: =Partici!B15 -> SEA COURT 1 | BL67: =VLOOKUP(BK67,'DIA 7'!$B$7:$C$54,2,0) -> 0 | BM67: =$BL$55-BL67 -> 0 | BO67: 13 | BP67: =Partici!B15 -> SEA COURT 1 | BQ67: =VLOOKUP(BP67,'DIA 8'!$B$7:$C$54,2,0) -> 0 | BR67: =$BQ$55-BQ67 -> 0 | BT67: 13 | BU67: =Partici!B15 -> SEA COURT 1 | BV67: =VLOOKUP(BU67,'DIA 9'!$B$7:$C$54,2,0) -> 0 | BW67: =$BV$55-BV67 -> 0 | BY67: 13 | BZ67: =Partici!B15 -> SEA COURT 1 | CA67: =VLOOKUP(BZ67,'DIA 10'!$B$7:$C$54,2,0) -> 0 | CB67: =$CA$55-CA67 -> 0 | CD67: 13 | CE67: =Partici!B15 -> SEA COURT 1 | CF67: =VLOOKUP(CE67,'DIA 11'!$B$7:$C$54,2,0) -> 0 | CG67: =$CF$55-CF67 -> 0 | CI67: 13 | CJ67: =Partici!B15 -> SEA COURT 1 | CK67: =VLOOKUP(CJ67,'DIA 12'!$B$7:$C$54,2,0) -> 0 | CL67: =$CK$55-CK67 -> 0 | CN67: 13 | CO67: =Partici!B15 -> SEA COURT 1 | CP67: =VLOOKUP(CO67,'24 12 23. CLUB'!$B$7:$C$54,2,0) -> 0 | CQ67: =$CP$55-CP67 -> 0
A68: 46 | AF68: 14 | AG68: =Partici!B23 -> SIN FE-IA | AH68: =VLOOKUP(AG68,'DIA 1'!$B$7:$C$54,2,0) -> 3.9 | AI68: =$BB$55-AH68 -> -3.9 | AK68: 14 | AL68: =Partici!B23 -> SIN FE-IA | AM68: =VLOOKUP(AL68,'DIA 2'!$B$7:$C$54,2,0) -> 0 | AN68: =$BG$55-AM68 -> 0 | AP68: 14 | AQ68: =Partici!B23 -> SIN FE-IA | AR68: =VLOOKUP(AQ68,'DIA 3'!$B$7:$C$54,2,0) -> 0 | AS68: =$AR$55-AR68 -> 0 | AU68: 14 | AV68: =Partici!B23 -> SIN FE-IA | AW68: =VLOOKUP(AV68,'DIA 4'!$B$7:$C$54,2,0) -> 0 | AX68: =$BW$55-AW68 -> 0 | AZ68: 14 | BA68: =Partici!B23 -> SIN FE-IA | BB68: =VLOOKUP(BA68,'DIA 5'!$B$7:$C$54,2,0) -> 0 | BC68: =$BB$55-BB68 -> 0 | BE68: 14 | BF68: =Partici!B23 -> SIN FE-IA | BG68: =VLOOKUP(BF68,'DIA 6'!$B$7:$C$54,2,0) -> 0 | BH68: =$BG$55-BG68 -> 0 | BJ68: 14 | BK68: =Partici!B23 -> SIN FE-IA | BL68: =VLOOKUP(BK68,'DIA 7'!$B$7:$C$54,2,0) -> 0 | BM68: =$BL$55-BL68 -> 0 | BO68: 14 | BP68: =Partici!B23 -> SIN FE-IA | BQ68: =VLOOKUP(BP68,'DIA 8'!$B$7:$C$54,2,0) -> 0 | BR68: =$BQ$55-BQ68 -> 0 | BT68: 14 | BU68: =Partici!B23 -> SIN FE-IA | BV68: =VLOOKUP(BU68,'DIA 9'!$B$7:$C$54,2,0) -> 0 | BW68: =$BV$55-BV68 -> 0 | BY68: 14 | BZ68: =Partici!B23 -> SIN FE-IA | CA68: =VLOOKUP(BZ68,'DIA 10'!$B$7:$C$54,2,0) -> 0 | CB68: =$CA$55-CA68 -> 0 | CD68: 14 | CE68: =Partici!B23 -> SIN FE-IA | CF68: =VLOOKUP(CE68,'DIA 11'!$B$7:$C$54,2,0) -> 0 | CG68: =$CF$55-CF68 -> 0 | CI68: 14 | CJ68: =Partici!B23 -> SIN FE-IA | CK68: =VLOOKUP(CJ68,'DIA 12'!$B$7:$C$54,2,0) -> 0 | CL68: =$CK$55-CK68 -> 0 | CN68: 14 | CO68: =Partici!B23 -> SIN FE-IA | CP68: =VLOOKUP(CO68,'24 12 23. CLUB'!$B$7:$C$54,2,0) -> 0 | CQ68: =$CP$55-CP68 -> 0
A69: 47 | AF69: 15 | AG69: =Partici!B20 -> MIS SOBRINOS | AH69: =VLOOKUP(AG69,'DIA 1'!$B$7:$C$54,2,0) -> 3.9 | AI69: =$BB$55-AH69 -> -3.9 | AK69: 15 | AL69: =Partici!B20 -> MIS SOBRINOS | AM69: =VLOOKUP(AL69,'DIA 2'!$B$7:$C$54,2,0) -> 0 | AN69: =$BG$55-AM69 -> 0 | AP69: 15 | AQ69: =Partici!B20 -> MIS SOBRINOS | AR69: =VLOOKUP(AQ69,'DIA 3'!$B$7:$C$54,2,0) -> 0 | AS69: =$AR$55-AR69 -> 0 | AU69: 15 | AV69: =Partici!B20 -> MIS SOBRINOS | AW69: =VLOOKUP(AV69,'DIA 4'!$B$7:$C$54,2,0) -> 0 | AX69: =$BW$55-AW69 -> 0 | AZ69: 15 | BA69: =Partici!B20 -> MIS SOBRINOS | BB69: =VLOOKUP(BA69,'DIA 5'!$B$7:$C$54,2,0) -> 0 | BC69: =$BB$55-BB69 -> 0 | BE69: 15 | BF69: =Partici!B20 -> MIS SOBRINOS | BG69: =VLOOKUP(BF69,'DIA 6'!$B$7:$C$54,2,0) -> 0 | BH69: =$BG$55-BG69 -> 0 | BJ69: 15 | BK69: =Partici!B20 -> MIS SOBRINOS | BL69: =VLOOKUP(BK69,'DIA 7'!$B$7:$C$54,2,0) -> 0 | BM69: =$BL$55-BL69 -> 0 | BO69: 15 | BP69: =Partici!B20 -> MIS SOBRINOS | BQ69: =VLOOKUP(BP69,'DIA 8'!$B$7:$C$54,2,0) -> 0 | BR69: =$BQ$55-BQ69 -> 0 | BT69: 15 | BU69: =Partici!B20 -> MIS SOBRINOS | BV69: =VLOOKUP(BU69,'DIA 9'!$B$7:$C$54,2,0) -> 0 | BW69: =$BV$55-BV69 -> 0 | BY69: 15 | BZ69: =Partici!B20 -> MIS SOBRINOS | CA69: =VLOOKUP(BZ69,'DIA 10'!$B$7:$C$54,2,0) -> 0 | CB69: =$CA$55-CA69 -> 0 | CD69: 15 | CE69: =Partici!B20 -> MIS SOBRINOS | CF69: =VLOOKUP(CE69,'DIA 11'!$B$7:$C$54,2,0) -> 0 | CG69: =$CF$55-CF69 -> 0 | CI69: 15 | CJ69: =Partici!B20 -> MIS SOBRINOS | CK69: =VLOOKUP(CJ69,'DIA 12'!$B$7:$C$54,2,0) -> 0 | CL69: =$CK$55-CK69 -> 0 | CN69: 15 | CO69: =Partici!B20 -> MIS SOBRINOS | CP69: =VLOOKUP(CO69,'24 12 23. CLUB'!$B$7:$C$54,2,0) -> 0 | CQ69: =$CP$55-CP69 -> 0
A70: 48 | AF70: 16 | AG70: =Partici!B6 -> SALVAYORK | AH70: =VLOOKUP(AG70,'DIA 1'!$B$7:$C$54,2,0) -> 9.7 | AI70: =$BB$55-AH70 -> -9.7 | AK70: 16 | AL70: =Partici!B6 -> SALVAYORK | AM70: =VLOOKUP(AL70,'DIA 2'!$B$7:$C$54,2,0) -> 0 | AN70: =$BG$55-AM70 -> 0 | AP70: 16 | AQ70: =Partici!B6 -> SALVAYORK | AR70: =VLOOKUP(AQ70,'DIA 3'!$B$7:$C$54,2,0) -> 0 | AS70: =$AR$55-AR70 -> 0 | AU70: 16 | AV70: =Partici!B6 -> SALVAYORK | AW70: =VLOOKUP(AV70,'DIA 4'!$B$7:$C$54,2,0) -> 0 | AX70: =$BW$55-AW70 -> 0 | AZ70: 16 | BA70: =Partici!B6 -> SALVAYORK | BB70: =VLOOKUP(BA70,'DIA 5'!$B$7:$C$54,2,0) -> 0 | BC70: =$BB$55-BB70 -> 0 | BE70: 16 | BF70: =Partici!B6 -> SALVAYORK | BG70: =VLOOKUP(BF70,'DIA 6'!$B$7:$C$54,2,0) -> 0 | BH70: =$BG$55-BG70 -> 0 | BJ70: 16 | BK70: =Partici!B6 -> SALVAYORK | BL70: =VLOOKUP(BK70,'DIA 7'!$B$7:$C$54,2,0) -> 0 | BM70: =$BL$55-BL70 -> 0 | BO70: 16 | BP70: =Partici!B6 -> SALVAYORK | BQ70: =VLOOKUP(BP70,'DIA 8'!$B$7:$C$54,2,0) -> 0 | BR70: =$BQ$55-BQ70 -> 0 | BT70: 16 | BU70: =Partici!B6 -> SALVAYORK | BV70: =VLOOKUP(BU70,'DIA 9'!$B$7:$C$54,2,0) -> 0 | BW70: =$BV$55-BV70 -> 0 | BY70: 16 | BZ70: =Partici!B6 -> SALVAYORK | CA70: =VLOOKUP(BZ70,'DIA 10'!$B$7:$C$54,2,0) -> 0 | CB70: =$CA$55-CA70 -> 0 | CD70: 16 | CE70: =Partici!B6 -> SALVAYORK | CF70: =VLOOKUP(CE70,'DIA 11'!$B$7:$C$54,2,0) -> 0 | CG70: =$CF$55-CF70 -> 0 | CI70: 16 | CJ70: =Partici!B6 -> SALVAYORK | CK70: =VLOOKUP(CJ70,'DIA 12'!$B$7:$C$54,2,0) -> 0 | CL70: =$CK$55-CK70 -> 0 | CN70: 16 | CO70: =Partici!B6 -> SALVAYORK | CP70: =VLOOKUP(CO70,'24 12 23. CLUB'!$B$7:$C$54,2,0) -> 0 | CQ70: =$CP$55-CP70 -> 0
A71: 49 | AF71: 17 | AG71: =Partici!B3 -> FERNANDA | AH71: =VLOOKUP(AG71,'DIA 1'!$B$7:$C$54,2,0) -> 1.1 | AI71: =$BB$55-AH71 -> -1.1 | AK71: 17 | AL71: =Partici!B3 -> FERNANDA | AM71: =VLOOKUP(AL71,'DIA 2'!$B$7:$C$54,2,0) -> 0 | AN71: =$BG$55-AM71 -> 0 | AP71: 17 | AQ71: =Partici!B3 -> FERNANDA | AR71: =VLOOKUP(AQ71,'DIA 3'!$B$7:$C$54,2,0) -> 0 | AS71: =$AR$55-AR71 -> 0 | AU71: 17 | AV71: =Partici!B3 -> FERNANDA | AW71: =VLOOKUP(AV71,'DIA 4'!$B$7:$C$54,2,0) -> 0 | AX71: =$BW$55-AW71 -> 0 | AZ71: 17 | BA71: =Partici!B3 -> FERNANDA | BB71: =VLOOKUP(BA71,'DIA 5'!$B$7:$C$54,2,0) -> 0 | BC71: =$BB$55-BB71 -> 0 | BE71: 17 | BF71: =Partici!B3 -> FERNANDA | BG71: =VLOOKUP(BF71,'DIA 6'!$B$7:$C$54,2,0) -> 0 | BH71: =$BG$55-BG71 -> 0 | BJ71: 17 | BK71: =Partici!B3 -> FERNANDA | BL71: =VLOOKUP(BK71,'DIA 7'!$B$7:$C$54,2,0) -> 0 | BM71: =$BL$55-BL71 -> 0 | BO71: 17 | BP71: =Partici!B3 -> FERNANDA | BQ71: =VLOOKUP(BP71,'DIA 8'!$B$7:$C$54,2,0) -> 0 | BR71: =$BQ$55-BQ71 -> 0 | BT71: 17 | BU71: =Partici!B3 -> FERNANDA | BV71: =VLOOKUP(BU71,'DIA 9'!$B$7:$C$54,2,0) -> 0 | BW71: =$BV$55-BV71 -> 0 | BY71: 17 | BZ71: =Partici!B3 -> FERNANDA | CA71: =VLOOKUP(BZ71,'DIA 10'!$B$7:$C$54,2,0) -> 0 | CB71: =$CA$55-CA71 -> 0 | CD71: 17 | CE71: =Partici!B3 -> FERNANDA | CF71: =VLOOKUP(CE71,'DIA 11'!$B$7:$C$54,2,0) -> 0 | CG71: =$CF$55-CF71 -> 0 | CI71: 17 | CJ71: =Partici!B3 -> FERNANDA | CK71: =VLOOKUP(CJ71,'DIA 12'!$B$7:$C$54,2,0) -> 0 | CL71: =$CK$55-CK71 -> 0 | CN71: 17 | CO71: =Partici!B3 -> FERNANDA | CP71: =VLOOKUP(CO71,'24 12 23. CLUB'!$B$7:$C$54,2,0) -> 0 | CQ71: =$CP$55-CP71 -> 0
A72: 50 | AF72: 18 | AG72: =Partici!B17 -> MANZOR | AH72: =VLOOKUP(AG72,'DIA 1'!$B$7:$C$54,2,0) -> 1.1 | AI72: =$BB$55-AH72 -> -1.1 | AK72: 18 | AL72: =Partici!B17 -> MANZOR | AM72: =VLOOKUP(AL72,'DIA 2'!$B$7:$C$54,2,0) -> 0 | AN72: =$BG$55-AM72 -> 0 | AP72: 18 | AQ72: =Partici!B17 -> MANZOR | AR72: =VLOOKUP(AQ72,'DIA 3'!$B$7:$C$54,2,0) -> 0 | AS72: =$AR$55-AR72 -> 0 | AU72: 18 | AV72: =Partici!B17 -> MANZOR | AW72: =VLOOKUP(AV72,'DIA 4'!$B$7:$C$54,2,0) -> 0 | AX72: =$BW$55-AW72 -> 0 | AZ72: 18 | BA72: =Partici!B17 -> MANZOR | BB72: =VLOOKUP(BA72,'DIA 5'!$B$7:$C$54,2,0) -> 0 | BC72: =$BB$55-BB72 -> 0 | BE72: 18 | BF72: =Partici!B17 -> MANZOR | BG72: =VLOOKUP(BF72,'DIA 6'!$B$7:$C$54,2,0) -> 0 | BH72: =$BG$55-BG72 -> 0 | BJ72: 18 | BK72: =Partici!B17 -> MANZOR | BL72: =VLOOKUP(BK72,'DIA 7'!$B$7:$C$54,2,0) -> 0 | BM72: =$BL$55-BL72 -> 0 | BO72: 18 | BP72: =Partici!B17 -> MANZOR | BQ72: =VLOOKUP(BP72,'DIA 8'!$B$7:$C$54,2,0) -> 0 | BR72: =$BQ$55-BQ72 -> 0 | BT72: 18 | BU72: =Partici!B17 -> MANZOR | BV72: =VLOOKUP(BU72,'DIA 9'!$B$7:$C$54,2,0) -> 0 | BW72: =$BV$55-BV72 -> 0 | BY72: 18 | BZ72: =Partici!B17 -> MANZOR | CA72: =VLOOKUP(BZ72,'DIA 10'!$B$7:$C$54,2,0) -> 0 | CB72: =$CA$55-CA72 -> 0 | CD72: 18 | CE72: =Partici!B17 -> MANZOR | CF72: =VLOOKUP(CE72,'DIA 11'!$B$7:$C$54,2,0) -> 0 | CG72: =$CF$55-CF72 -> 0 | CI72: 18 | CJ72: =Partici!B17 -> MANZOR | CK72: =VLOOKUP(CJ72,'DIA 12'!$B$7:$C$54,2,0) -> 0 | CL72: =$CK$55-CK72 -> 0 | CN72: 18 | CO72: =Partici!B17 -> MANZOR | CP72: =VLOOKUP(CO72,'24 12 23. CLUB'!$B$7:$C$54,2,0) -> 0 | CQ72: =$CP$55-CP72 -> 0
A73: 51 | AF73: 19 | AG73: =Partici!B10 -> MAGICO MEDINA | AH73: =VLOOKUP(AG73,'DIA 1'!$B$7:$C$54,2,0) -> 1.1 | AI73: =$BB$55-AH73 -> -1.1 | AK73: 19 | AL73: =Partici!B10 -> MAGICO MEDINA | AM73: =VLOOKUP(AL73,'DIA 2'!$B$7:$C$54,2,0) -> 0 | AN73: =$BG$55-AM73 -> 0 | AP73: 19 | AQ73: =Partici!B10 -> MAGICO MEDINA | AR73: =VLOOKUP(AQ73,'DIA 3'!$B$7:$C$54,2,0) -> 0 | AS73: =$AR$55-AR73 -> 0 | AU73: 19 | AV73: =Partici!B10 -> MAGICO MEDINA | AW73: =VLOOKUP(AV73,'DIA 4'!$B$7:$C$54,2,0) -> 0 | AX73: =$BW$55-AW73 -> 0 | AZ73: 19 | BA73: =Partici!B10 -> MAGICO MEDINA | BB73: =VLOOKUP(BA73,'DIA 5'!$B$7:$C$54,2,0) -> 0 | BC73: =$BB$55-BB73 -> 0 | BE73: 19 | BF73: =Partici!B10 -> MAGICO MEDINA | BG73: =VLOOKUP(BF73,'DIA 6'!$B$7:$C$54,2,0) -> 0 | BH73: =$BG$55-BG73 -> 0 | BJ73: 19 | BK73: =Partici!B10 -> MAGICO MEDINA | BL73: =VLOOKUP(BK73,'DIA 7'!$B$7:$C$54,2,0) -> 0 | BM73: =$BL$55-BL73 -> 0 | BO73: 19 | BP73: =Partici!B10 -> MAGICO MEDINA | BQ73: =VLOOKUP(BP73,'DIA 8'!$B$7:$C$54,2,0) -> 0 | BR73: =$BQ$55-BQ73 -> 0 | BT73: 19 | BU73: =Partici!B10 -> MAGICO MEDINA | BV73: =VLOOKUP(BU73,'DIA 9'!$B$7:$C$54,2,0) -> 0 | BW73: =$BV$55-BV73 -> 0 | BY73: 19 | BZ73: =Partici!B10 -> MAGICO MEDINA | CA73: =VLOOKUP(BZ73,'DIA 10'!$B$7:$C$54,2,0) -> 0 | CB73: =$CA$55-CA73 -> 0 | CD73: 19 | CE73: =Partici!B10 -> MAGICO MEDINA | CF73: =VLOOKUP(CE73,'DIA 11'!$B$7:$C$54,2,0) -> 0 | CG73: =$CF$55-CF73 -> 0 | CI73: 19 | CJ73: =Partici!B10 -> MAGICO MEDINA | CK73: =VLOOKUP(CJ73,'DIA 12'!$B$7:$C$54,2,0) -> 0 | CL73: =$CK$55-CK73 -> 0 | CN73: 19 | CO73: =Partici!B10 -> MAGICO MEDINA | CP73: =VLOOKUP(CO73,'24 12 23. CLUB'!$B$7:$C$54,2,0) -> 0 | CQ73: =$CP$55-CP73 -> 0
A74: 52 | AF74: 20 | AG74: =Partici!B4 -> TRINIDAD | AH74: =VLOOKUP(AG74,'DIA 1'!$B$7:$C$54,2,0) -> 0 | AI74: =$BB$55-AH74 -> 0 | AK74: 20 | AL74: =Partici!B4 -> TRINIDAD | AM74: =VLOOKUP(AL74,'DIA 2'!$B$7:$C$54,2,0) -> 0 | AN74: =$BG$55-AM74 -> 0 | AP74: 20 | AQ74: =Partici!B4 -> TRINIDAD | AR74: =VLOOKUP(AQ74,'DIA 3'!$B$7:$C$54,2,0) -> 0 | AS74: =$AR$55-AR74 -> 0 | AU74: 20 | AV74: =Partici!B4 -> TRINIDAD | AW74: =VLOOKUP(AV74,'DIA 4'!$B$7:$C$54,2,0) -> 0 | AX74: =$BW$55-AW74 -> 0 | AZ74: 20 | BA74: =Partici!B4 -> TRINIDAD | BB74: =VLOOKUP(BA74,'DIA 5'!$B$7:$C$54,2,0) -> 0 | BC74: =$BB$55-BB74 -> 0 | BE74: 20 | BF74: =Partici!B4 -> TRINIDAD | BG74: =VLOOKUP(BF74,'DIA 6'!$B$7:$C$54,2,0) -> 0 | BH74: =$BG$55-BG74 -> 0 | BJ74: 20 | BK74: =Partici!B4 -> TRINIDAD | BL74: =VLOOKUP(BK74,'DIA 7'!$B$7:$C$54,2,0) -> 0 | BM74: =$BL$55-BL74 -> 0 | BO74: 20 | BP74: =Partici!B4 -> TRINIDAD | BQ74: =VLOOKUP(BP74,'DIA 8'!$B$7:$C$54,2,0) -> 0 | BR74: =$BQ$55-BQ74 -> 0 | BT74: 20 | BU74: =Partici!B4 -> TRINIDAD | BV74: =VLOOKUP(BU74,'DIA 9'!$B$7:$C$54,2,0) -> 0 | BW74: =$BV$55-BV74 -> 0 | BY74: 20 | BZ74: =Partici!B4 -> TRINIDAD | CA74: =VLOOKUP(BZ74,'DIA 10'!$B$7:$C$54,2,0) -> 0 | CB74: =$CA$55-CA74 -> 0 | CD74: 20 | CE74: =Partici!B4 -> TRINIDAD | CF74: =VLOOKUP(CE74,'DIA 11'!$B$7:$C$54,2,0) -> 0 | CG74: =$CF$55-CF74 -> 0 | CI74: 20 | CJ74: =Partici!B4 -> TRINIDAD | CK74: =VLOOKUP(CJ74,'DIA 12'!$B$7:$C$54,2,0) -> 0 | CL74: =$CK$55-CK74 -> 0 | CN74: 20 | CO74: =Partici!B4 -> TRINIDAD | CP74: =VLOOKUP(CO74,'24 12 23. CLUB'!$B$7:$C$54,2,0) -> 0 | CQ74: =$CP$55-CP74 -> 0
A75: 53 | AF75: 21 | AG75: =Partici!B13 -> ALF | AH75: =VLOOKUP(AG75,'DIA 1'!$B$7:$C$54,2,0) -> 0 | AI75: =$BB$55-AH75 -> 0 | AK75: 21 | AL75: =Partici!B13 -> ALF | AM75: =VLOOKUP(AL75,'DIA 2'!$B$7:$C$54,2,0) -> 0 | AN75: =$BG$55-AM75 -> 0 | AP75: 21 | AQ75: =Partici!B13 -> ALF | AR75: =VLOOKUP(AQ75,'DIA 3'!$B$7:$C$54,2,0) -> 0 | AS75: =$AR$55-AR75 -> 0 | AU75: 21 | AV75: =Partici!B13 -> ALF | AW75: =VLOOKUP(AV75,'DIA 4'!$B$7:$C$54,2,0) -> 0 | AX75: =$BW$55-AW75 -> 0 | AZ75: 21 | BA75: =Partici!B13 -> ALF | BB75: =VLOOKUP(BA75,'DIA 5'!$B$7:$C$54,2,0) -> 0 | BC75: =$BB$55-BB75 -> 0 | BE75: 21 | BF75: =Partici!B13 -> ALF | BG75: =VLOOKUP(BF75,'DIA 6'!$B$7:$C$54,2,0) -> 0 | BH75: =$BG$55-BG75 -> 0 | BJ75: 21 | BK75: =Partici!B13 -> ALF | BL75: =VLOOKUP(BK75,'DIA 7'!$B$7:$C$54,2,0) -> 0 | BM75: =$BL$55-BL75 -> 0 | BO75: 21 | BP75: =Partici!B13 -> ALF | BQ75: =VLOOKUP(BP75,'DIA 8'!$B$7:$C$54,2,0) -> 0 | BR75: =$BQ$55-BQ75 -> 0 | BT75: 21 | BU75: =Partici!B13 -> ALF | BV75: =VLOOKUP(BU75,'DIA 9'!$B$7:$C$54,2,0) -> 0 | BW75: =$BV$55-BV75 -> 0 | BY75: 21 | BZ75: =Partici!B13 -> ALF | CA75: =VLOOKUP(BZ75,'DIA 10'!$B$7:$C$54,2,0) -> 0 | CB75: =$CA$55-CA75 -> 0 | CD75: 21 | CE75: =Partici!B13 -> ALF | CF75: =VLOOKUP(CE75,'DIA 11'!$B$7:$C$54,2,0) -> 0 | CG75: =$CF$55-CF75 -> 0 | CI75: 21 | CJ75: =Partici!B13 -> ALF | CK75: =VLOOKUP(CJ75,'DIA 12'!$B$7:$C$54,2,0) -> 0 | CL75: =$CK$55-CK75 -> 0 | CN75: 21 | CO75: =Partici!B13 -> ALF | CP75: =VLOOKUP(CO75,'24 12 23. CLUB'!$B$7:$C$54,2,0) -> 0 | CQ75: =$CP$55-CP75 -> 0
AF76: 22 | AG76: =Partici!B9 -> AUMENTA MEDINA | AH76: =VLOOKUP(AG76,'DIA 1'!$B$7:$C$54,2,0) -> 1.1 | AI76: =$BB$55-AH76 -> -1.1 | AK76: 22 | AL76: =Partici!B9 -> AUMENTA MEDINA | AM76: =VLOOKUP(AL76,'DIA 2'!$B$7:$C$54,2,0) -> 0 | AN76: =$BG$55-AM76 -> 0 | AP76: 22 | AQ76: =Partici!B9 -> AUMENTA MEDINA | AR76: =VLOOKUP(AQ76,'DIA 3'!$B$7:$C$54,2,0) -> 0 | AS76: =$AR$55-AR76 -> 0 | AU76: 22 | AV76: =Partici!B9 -> AUMENTA MEDINA | AW76: =VLOOKUP(AV76,'DIA 4'!$B$7:$C$54,2,0) -> 0 | AX76: =$BW$55-AW76 -> 0 | AZ76: 22 | BA76: =Partici!B9 -> AUMENTA MEDINA | BB76: =VLOOKUP(BA76,'DIA 5'!$B$7:$C$54,2,0) -> 0 | BC76: =$BB$55-BB76 -> 0 | BE76: 22 | BF76: =Partici!B9 -> AUMENTA MEDINA | BG76: =VLOOKUP(BF76,'DIA 6'!$B$7:$C$54,2,0) -> 0 | BH76: =$BG$55-BG76 -> 0 | BJ76: 22 | BK76: =Partici!B9 -> AUMENTA MEDINA | BL76: =VLOOKUP(BK76,'DIA 7'!$B$7:$C$54,2,0) -> 0 | BM76: =$BL$55-BL76 -> 0 | BO76: 22 | BP76: =Partici!B9 -> AUMENTA MEDINA | BQ76: =VLOOKUP(BP76,'DIA 8'!$B$7:$C$54,2,0) -> 0 | BR76: =$BQ$55-BQ76 -> 0 | BT76: 22 | BU76: =Partici!B9 -> AUMENTA MEDINA | BV76: =VLOOKUP(BU76,'DIA 9'!$B$7:$C$54,2,0) -> 0 | BW76: =$BV$55-BV76 -> 0 | BY76: 22 | BZ76: =Partici!B9 -> AUMENTA MEDINA | CA76: =VLOOKUP(BZ76,'DIA 10'!$B$7:$C$54,2,0) -> 0 | CB76: =$CA$55-CA76 -> 0 | CD76: 22 | CE76: =Partici!B9 -> AUMENTA MEDINA | CF76: =VLOOKUP(CE76,'DIA 11'!$B$7:$C$54,2,0) -> 0 | CG76: =$CF$55-CF76 -> 0 | CI76: 22 | CJ76: =Partici!B9 -> AUMENTA MEDINA | CK76: =VLOOKUP(CJ76,'DIA 12'!$B$7:$C$54,2,0) -> 0 | CL76: =$CK$55-CK76 -> 0 | CN76: 22 | CO76: =Partici!B9 -> AUMENTA MEDINA | CP76: =VLOOKUP(CO76,'24 12 23. CLUB'!$B$7:$C$54,2,0) -> 0 | CQ76: =$CP$55-CP76 -> 0
AF77: 23 | AG77: =Partici!B16 -> SEA COURT 2 | AH77: =VLOOKUP(AG77,'DIA 1'!$B$7:$C$54,2,0) -> 9.7 | AI77: =$BB$55-AH77 -> -9.7 | AK77: 23 | AL77: =Partici!B16 -> SEA COURT 2 | AM77: =VLOOKUP(AL77,'DIA 2'!$B$7:$C$54,2,0) -> 0 | AN77: =$BG$55-AM77 -> 0 | AP77: 23 | AQ77: =Partici!B16 -> SEA COURT 2 | AR77: =VLOOKUP(AQ77,'DIA 3'!$B$7:$C$54,2,0) -> 0 | AS77: =$AR$55-AR77 -> 0 | AU77: 23 | AV77: =Partici!B16 -> SEA COURT 2 | AW77: =VLOOKUP(AV77,'DIA 4'!$B$7:$C$54,2,0) -> 0 | AX77: =$BW$55-AW77 -> 0 | AZ77: 23 | BA77: =Partici!B16 -> SEA COURT 2 | BB77: =VLOOKUP(BA77,'DIA 5'!$B$7:$C$54,2,0) -> 0 | BC77: =$BB$55-BB77 -> 0 | BE77: 23 | BF77: =Partici!B16 -> SEA COURT 2 | BG77: =VLOOKUP(BF77,'DIA 6'!$B$7:$C$54,2,0) -> 0 | BH77: =$BG$55-BG77 -> 0 | BJ77: 23 | BK77: =Partici!B16 -> SEA COURT 2 | BL77: =VLOOKUP(BK77,'DIA 7'!$B$7:$C$54,2,0) -> 0 | BM77: =$BL$55-BL77 -> 0 | BO77: 23 | BP77: =Partici!B16 -> SEA COURT 2 | BQ77: =VLOOKUP(BP77,'DIA 8'!$B$7:$C$54,2,0) -> 0 | BR77: =$BQ$55-BQ77 -> 0 | BT77: 23 | BU77: =Partici!B16 -> SEA COURT 2 | BV77: =VLOOKUP(BU77,'DIA 9'!$B$7:$C$54,2,0) -> 0 | BW77: =$BV$55-BV77 -> 0 | BY77: 23 | BZ77: =Partici!B16 -> SEA COURT 2 | CA77: =VLOOKUP(BZ77,'DIA 10'!$B$7:$C$54,2,0) -> 0 | CB77: =$CA$55-CA77 -> 0 | CD77: 23 | CE77: =Partici!B16 -> SEA COURT 2 | CF77: =VLOOKUP(CE77,'DIA 11'!$B$7:$C$54,2,0) -> 0 | CG77: =$CF$55-CF77 -> 0 | CI77: 23 | CJ77: =Partici!B16 -> SEA COURT 2 | CK77: =VLOOKUP(CJ77,'DIA 12'!$B$7:$C$54,2,0) -> 0 | CL77: =$CK$55-CK77 -> 0 | CN77: 23 | CO77: =Partici!B16 -> SEA COURT 2 | CP77: =VLOOKUP(CO77,'24 12 23. CLUB'!$B$7:$C$54,2,0) -> 0 | CQ77: =$CP$55-CP77 -> 0
AF78: 24 | AG78: =Partici!B7 -> KING JORANTO | AH78: =VLOOKUP(AG78,'DIA 1'!$B$7:$C$54,2,0) -> 0 | AI78: =$BB$55-AH78 -> 0 | AK78: 24 | AL78: =Partici!B7 -> KING JORANTO | AM78: =VLOOKUP(AL78,'DIA 2'!$B$7:$C$54,2,0) -> 0 | AN78: =$BG$55-AM78 -> 0 | AP78: 24 | AQ78: =Partici!B7 -> KING JORANTO | AR78: =VLOOKUP(AQ78,'DIA 3'!$B$7:$C$54,2,0) -> 0 | AS78: =$AR$55-AR78 -> 0 | AU78: 24 | AV78: =Partici!B7 -> KING JORANTO | AW78: =VLOOKUP(AV78,'DIA 4'!$B$7:$C$54,2,0) -> 0 | AX78: =$BW$55-AW78 -> 0 | AZ78: 24 | BA78: =Partici!B7 -> KING JORANTO | BB78: =VLOOKUP(BA78,'DIA 5'!$B$7:$C$54,2,0) -> 0 | BC78: =$BB$55-BB78 -> 0 | BE78: 24 | BF78: =Partici!B7 -> KING JORANTO | BG78: =VLOOKUP(BF78,'DIA 6'!$B$7:$C$54,2,0) -> 0 | BH78: =$BG$55-BG78 -> 0 | BJ78: 24 | BK78: =Partici!B7 -> KING JORANTO | BL78: =VLOOKUP(BK78,'DIA 7'!$B$7:$C$54,2,0) -> 0 | BM78: =$BL$55-BL78 -> 0 | BO78: 24 | BP78: =Partici!B7 -> KING JORANTO | BQ78: =VLOOKUP(BP78,'DIA 8'!$B$7:$C$54,2,0) -> 0 | BR78: =$BQ$55-BQ78 -> 0 | BT78: 24 | BU78: =Partici!B7 -> KING JORANTO | BV78: =VLOOKUP(BU78,'DIA 9'!$B$7:$C$54,2,0) -> 0 | BW78: =$BV$55-BV78 -> 0 | BY78: 24 | BZ78: =Partici!B7 -> KING JORANTO | CA78: =VLOOKUP(BZ78,'DIA 10'!$B$7:$C$54,2,0) -> 0 | CB78: =$CA$55-CA78 -> 0 | CD78: 24 | CE78: =Partici!B7 -> KING JORANTO | CF78: =VLOOKUP(CE78,'DIA 11'!$B$7:$C$54,2,0) -> 0 | CG78: =$CF$55-CF78 -> 0 | CI78: 24 | CJ78: =Partici!B7 -> KING JORANTO | CK78: =VLOOKUP(CJ78,'DIA 12'!$B$7:$C$54,2,0) -> 0 | CL78: =$CK$55-CK78 -> 0 | CN78: 24 | CO78: =Partici!B7 -> KING JORANTO | CP78: =VLOOKUP(CO78,'24 12 23. CLUB'!$B$7:$C$54,2,0) -> 0 | CQ78: =$CP$55-CP78 -> 0

Sheet DIA 1
A1: POLLA NAVIDEÑA DIA: 1 HCH
A6: N° | B6: STUD | C6: Puntos | D6: 1 | E6: 2 | F6: 3 | G6: 4 | H6: 5 | I6: 6 | J6: 7 | K6: 8 | L6: 9 | M6: 10 | N6: 11 | O6: 12 | P6: 13 | Q6: 14 | R6: 15 | S6: 16 | T6: 17 | U6: 18 | V6: 19 | W6: 20 | X6: 21 | Y6: 22 | Z6: 23 | AA6: 24 | AB6: 25 | AC6: Puntos
A7: 1 | B7: =+Partici!B2 -> CAMPEON DE CAMPEONES | C7: =SUM(D8:AB8) -> 3.9 | D7: 12 | E7: 10 | F7: 4 | G7: 5 | H7: 14 | I7: 10 | J7: 7 | K7: 5 | L7: 1 | M7: 14 | N7: 4 | O7: 6 | P7: 3 | Q7: 6 | R7: 2 | S7: 6 | T7: 13 | U7: 10 | V7: 9 | W7: 3 | X7: 6 | Y7: 10 | Z7: 12 | AC7: =SUM(D8:AB8) -> 3.9
D8: =IF(IFERROR(IF(VLOOKUP(D7,D$83:D$87,1,0)>=1,D$82,0),D7)=D$64,D$68,IF(IFERROR(IF(VLOOKUP(D7,D$83:D$87,1,0)>=1,D$82,0),D7)=D$71,D$74,IF(IFERROR(IF(VLOOKUP(D7,D$83:D$87,1,0)>=1,D$82,0),D7)=D$77,D$79,0))) -> 3.9 | E8: =IF(IFERROR(IF(VLOOKUP(E7,E$83:E$87,1,0)>=1,E$82,0),E7)=E$64,E$68,IF(IFERROR(IF(VLOOKUP(E7,E$83:E$87,1,0)>=1,E$82,0),E7)=E$71,E$74,IF(IFERROR(IF(VLOOKUP(E7,E$83:E$87,1,0)>=1,E$82,0),E7)=E$77,E$79,0))) -> 0 | F8: =IF(IFERROR(IF(VLOOKUP(F7,F$83:F$87,1,0)>=1,F$82,0),F7)=F$64,F$68,IF(IFERROR(IF(VLOOKUP(F7,F$83:F$87,1,0)>=1,F$82,0),F7)=F$71,F$74,IF(IFERROR(IF(VLOOKUP(F7,F$83:F$87,1,0)>=1,F$82,0),F7)=F$77,F$79,0))) -> 0 | G8: =IF(IFERROR(IF(VLOOKUP(G7,G$83:G$87,1,0)>=1,G$82,0),G7)=G$64,G$68,IF(IFERROR(IF(VLOOKUP(G7,G$83:G$87,1,0)>=1,G$82,0),G7)=G$71,G$74,IF(IFERROR(IF(VLOOKUP(G7,G$83:G$87,1,0)>=1,G$82,0),G7)=G$77,G$79,0))) -> 0 | H8: =IF(IFERROR(IF(VLOOKUP(H7,H$83:H$87,1,0)>=1,H$82,0),H7)=H$64,H$68,IF(IFERROR(IF(VLOOKUP(H7,H$83:H$87,1,0)>=1,H$82,0),H7)=H$71,H$74,IF(IFERROR(IF(VLOOKUP(H7,H$83:H$87,1,0)>=1,H$82,0),H7)=H$77,H$79,0))) -> 0 | I8: =IF(IFERROR(IF(VLOOKUP(I7,I$83:I$87,1,0)>=1,I$82,0),I7)=I$64,I$68,IF(IFERROR(IF(VLOOKUP(I7,I$83:I$87,1,0)>=1,I$82,0),I7)=I$71,I$74,IF(IFERROR(IF(VLOOKUP(I7,I$83:I$87,1,0)>=1,I$82,0),I7)=I$77,I$79,0))) -> 0 | J8: =IF(IFERROR(IF(VLOOKUP(J7,J$83:J$87,1,0)>=1,J$82,0),J7)=J$64,J$68,IF(IFERROR(IF(VLOOKUP(J7,J$83:J$87,1,0)>=1,J$82,0),J7)=J$71,J$74,IF(IFERROR(IF(VLOOKUP(J7,J$83:J$87,1,0)>=1,J$82,0),J7)=J$77,J$79,0))) -> 0 | K8: =IF(IFERROR(IF(VLOOKUP(K7,K$83:K$87,1,0)>=1,K$82,0),K7)=K$64,K$68,IF(IFERROR(IF(VLOOKUP(K7,K$83:K$87,1,0)>=1,K$82,0),K7)=K$71,K$74,IF(IFERROR(IF(VLOOKUP(K7,K$83:K$87,1,0)>=1,K$82,0),K7)=K$77,K$79,0))) -> 0 | ... AB8: =IF(IFERROR(IF(VLOOKUP(AB7,AB$83:AB$87,1,0)>=1,AB$82,0),AB7)=AB$64,AB$68,IF(IFERROR(IF(VLOOKUP(AB7,AB$83:AB$87,1,0)>=1,AB$82,0),AB7)=AB$71,AB$74,IF(IFERROR(IF(VLOOKUP(AB7,AB$83:AB$87,1,0)>=1,AB$82,0),AB7)=AB$77,AB$79,0))) -> 0
A9: =+A7+1 -> 2 | B9: =+Partici!B3 -> FERNANDA | C9: =SUM(D10:AB10) -> 1.1 | D9: 3 | E9: 1 | F9: 2 | G9: 3 | H9: 14 | I9: 8 | J9: 5 | K9: 13 | L9: 1 | M9: 6 | N9: 2 | O9: 4 | P9: 5 | Q9: 7 | R9: 10 | S9: 2 | T9: 4 | U9: 8 | V9: 1 | W9: 12 | X9: 2 | Y9: 14 | Z9: 15 | AC9: =SUM(D10:AB10) -> 1.1
D10: =IF(IFERROR(IF(VLOOKUP(D9,D$83:D$87,1,0)>=1,D$82,0),D9)=D$64,D$68,IF(IFERROR(IF(VLOOKUP(D9,D$83:D$87,1,0)>=1,D$82,0),D9)=D$71,D$74,IF(IFERROR(IF(VLOOKUP(D9,D$83:D$87,1,0)>=1,D$82,0),D9)=D$77,D$79,0))) -> 1.1 | E10: =IF(IFERROR(IF(VLOOKUP(E9,E$83:E$87,1,0)>=1,E$82,0),E9)=E$64,E$68,IF(IFERROR(IF(VLOOKUP(E9,E$83:E$87,1,0)>=1,E$82,0),E9)=E$71,E$74,IF(IFERROR(IF(VLOOKUP(E9,E$83:E$87,1,0)>=1,E$82,0),E9)=E$77,E$79,0))) -> 0 | F10: =IF(IFERROR(IF(VLOOKUP(F9,F$83:F$87,1,0)>=1,F$82,0),F9)=F$64,F$68,IF(IFERROR(IF(VLOOKUP(F9,F$83:F$87,1,0)>=1,F$82,0),F9)=F$71,F$74,IF(IFERROR(IF(VLOOKUP(F9,F$83:F$87,1,0)>=1,F$82,0),F9)=F$77,F$79,0))) -> 0 | G10: =IF(IFERROR(IF(VLOOKUP(G9,G$83:G$87,1,0)>=1,G$82,0),G9)=G$64,G$68,IF(IFERROR(IF(VLOOKUP(G9,G$83:G$87,1,0)>=1,G$82,0),G9)=G$71,G$74,IF(IFERROR(IF(VLOOKUP(G9,G$83:G$87,1,0)>=1,G$82,0),G9)=G$77,G$79,0))) -> 0 | H10: =IF(IFERROR(IF(VLOOKUP(H9,H$83:H$87,1,0)>=1,H$82,0),H9)=H$64,H$68,IF(IFERROR(IF(VLOOKUP(H9,H$83:H$87,1,0)>=1,H$82,0),H9)=H$71,H$74,IF(IFERROR(IF(VLOOKUP(H9,H$83:H$87,1,0)>=1,H$82,0),H9)=H$77,H$79,0))) -> 0 | I10: =IF(IFERROR(IF(VLOOKUP(I9,I$83:I$87,1,0)>=1,I$82,0),I9)=I$64,I$68,IF(IFERROR(IF(VLOOKUP(I9,I$83:I$87,1,0)>=1,I$82,0),I9)=I$71,I$74,IF(IFERROR(IF(VLOOKUP(I9,I$83:I$87,1,0)>=1,I$82,0),I9)=I$77,I$79,0))) -> 0 | J10: =IF(IFERROR(IF(VLOOKUP(J9,J$83:J$87,1,0)>=1,J$82,0),J9)=J$64,J$68,IF(IFERROR(IF(VLOOKUP(J9,J$83:J$87,1,0)>=1,J$82,0),J9)=J$71,J$74,IF(IFERROR(IF(VLOOKUP(J9,J$83:J$87,1,0)>=1,J$82,0),J9)=J$77,J$79,0))) -> 0 | K10: =IF(IFERROR(IF(VLOOKUP(K9,K$83:K$87,1,0)>=1,K$82,0),K9)=K$64,K$68,IF(IFERROR(IF(VLOOKUP(K9,K$83:K$87,1,0)>=1,K$82,0),K9)=K$71,K$74,IF(IFERROR(IF(VLOOKUP(K9,K$83:K$87,1,0)>=1,K$82,0),K9)=K$77,K$79,0))) -> 0 | ... AB10: =IF(IFERROR(IF(VLOOKUP(AB9,AB$83:AB$87,1,0)>=1,AB$82,0),AB9)=AB$64,AB$68,IF(IFERROR(IF(VLOOKUP(AB9,AB$83:AB$87,1,0)>=1,AB$82,0),AB9)=AB$71,AB$74,IF(IFERROR(IF(VLOOKUP(AB9,AB$83:AB$87,1,0)>=1,AB$82,0),AB9)=AB$77,AB$79,0))) -> 0
A11: =+A9+1 -> 3 | B11: =+Partici!B4 -> TRINIDAD | C11: =SUM(D12:AB12) -> 0 | D11: 7 | E11: 3 | F11: 5 | G11: 12 | H11: 1 | I11: 2 | J11: 7 | K11: 5 | L11: 2 | M11: 15 | N11: 4 | O11: 7 | P11: 4 | Q11: 7 | R11: 2 | S11: 4 | T11: 8 | U11: 2 | V11: 7 | W11: 8 | X11: 15 | Y11: 3 | Z11: 9 | AC11: =SUM(D12:AB12) -> 0
D12: =IF(IFERROR(IF(VLOOKUP(D11,D$83:D$87,1,0)>=1,D$82,0),D11)=D$64,D$68,IF(IFERROR(IF(VLOOKUP(D11,D$83:D$87,1,0)>=1,D$82,0),D11)=D$71,D$74,IF(IFERROR(IF(VLOOKUP(D11,D$83:D$87,1,0)>=1,D$82,0),D11)=D$77,D$79,0))) -> 0 | E12: =IF(IFERROR(IF(VLOOKUP(E11,E$83:E$87,1,0)>=1,E$82,0),E11)=E$64,E$68,IF(IFERROR(IF(VLOOKUP(E11,E$83:E$87,1,0)>=1,E$82,0),E11)=E$71,E$74,IF(IFERROR(IF(VLOOKUP(E11,E$83:E$87,1,0)>=1,E$82,0),E11)=E$77,E$79,0))) -> 0 | F12: =IF(IFERROR(IF(VLOOKUP(F11,F$83:F$87,1,0)>=1,F$82,0),F11)=F$64,F$68,IF(IFERROR(IF(VLOOKUP(F11,F$83:F$87,1,0)>=1,F$82,0),F11)=F$71,F$74,IF(IFERROR(IF(VLOOKUP(F11,F$83:F$87,1,0)>=1,F$82,0),F11)=F$77,F$79,0))) -> 0 | G12: =IF(IFERROR(IF(VLOOKUP(G11,G$83:G$87,1,0)>=1,G$82,0),G11)=G$64,G$68,IF(IFERROR(IF(VLOOKUP(G11,G$83:G$87,1,0)>=1,G$82,0),G11)=G$71,G$74,IF(IFERROR(IF(VLOOKUP(G11,G$83:G$87,1,0)>=1,G$82,0),G11)=G$77,G$79,0))) -> 0 | H12: =IF(IFERROR(IF(VLOOKUP(H11,H$83:H$87,1,0)>=1,H$82,0),H11)=H$64,H$68,IF(IFERROR(IF(VLOOKUP(H11,H$83:H$87,1,0)>=1,H$82,0),H11)=H$71,H$74,IF(IFERROR(IF(VLOOKUP(H11,H$83:H$87,1,0)>=1,H$82,0),H11)=H$77,H$79,0))) -> 0 | I12: =IF(IFERROR(IF(VLOOKUP(I11,I$83:I$87,1,0)>=1,I$82,0),I11)=I$64,I$68,IF(IFERROR(IF(VLOOKUP(I11,I$83:I$87,1,0)>=1,I$82,0),I11)=I$71,I$74,IF(IFERROR(IF(VLOOKUP(I11,I$83:I$87,1,0)>=1,I$82,0),I11)=I$77,I$79,0))) -> 0 | J12: =IF(IFERROR(IF(VLOOKUP(J11,J$83:J$87,1,0)>=1,J$82,0),J11)=J$64,J$68,IF(IFERROR(IF(VLOOKUP(J11,J$83:J$87,1,0)>=1,J$82,0),J11)=J$71,J$74,IF(IFERROR(IF(VLOOKUP(J11,J$83:J$87,1,0)>=1,J$82,0),J11)=J$77,J$79,0))) -> 0 | K12: =IF(IFERROR(IF(VLOOKUP(K11,K$83:K$87,1,0)>=1,K$82,0),K11)=K$64,K$68,IF(IFERROR(IF(VLOOKUP(K11,K$83:K$87,1,0)>=1,K$82,0),K11)=K$71,K$74,IF(IFERROR(IF(VLOOKUP(K11,K$83:K$87,1,0)>=1,K$82,0),K11)=K$77,K$79,0))) -> 0 | ... AB12: =IF(IFERROR(IF(VLOOKUP(AB11,AB$83:AB$87,1,0)>=1,AB$82,0),AB11)=AB$64,AB$68,IF(IFERROR(IF(VLOOKUP(AB11,AB$83:AB$87,1,0)>=1,AB$82,0),AB11)=AB$71,AB$74,IF(IFERROR(IF(VLOOKUP(AB11,AB$83:AB$87,1,0)>=1,AB$82,0),AB11)=AB$77,AB$79,0))) -> 0
A13: =+A11+1 -> 4 | B13: =+Partici!B5 -> OVAYORK | C13: =SUM(D14:AB14) -> 0 | D13: 1 | E13: 4 | F13: 3 | G13: 4 | H13: 13 | I13: 1 | J13: 7 | K13: 10 | L13: 9 | M13: 1 | N13: 3 | O13: 4 | P13: 2 | Q13: 4 | R13: 9 | S13: 2 | T13: 5 | U13: 4 | V13: 3 | W13: 1 | X13: 4 | Y13: 2 | Z13: 1 | AC13: =SUM(D14:AB14) -> 0
D14: =IF(IFERROR(IF(VLOOKUP(D13,D$83:D$87,1,0)>=1,D$82,0),D13)=D$64,D$68,IF(IFERROR(IF(VLOOKUP(D13,D$83:D$87,1,0)>=1,D$82,0),D13)=D$71,D$74,IF(IFERROR(IF(VLOOKUP(D13,D$83:D$87,1,0)>=1,D$82,0),D13)=D$77,D$79,0))) -> 0 | E14: =IF(IFERROR(IF(VLOOKUP(E13,E$83:E$87,1,0)>=1,E$82,0),E13)=E$64,E$68,IF(IFERROR(IF(VLOOKUP(E13,E$83:E$87,1,0)>=1,E$82,0),E13)=E$71,E$74,IF(IFERROR(IF(VLOOKUP(E13,E$83:E$87,1,0)>=1,E$82,0),E13)=E$77,E$79,0))) -> 0 | F14: =IF(IFERROR(IF(VLOOKUP(F13,F$83:F$87,1,0)>=1,F$82,0),F13)=F$64,F$68,IF(IFERROR(IF(VLOOKUP(F13,F$83:F$87,1,0)>=1,F$82,0),F13)=F$71,F$74,IF(IFERROR(IF(VLOOKUP(F13,F$83:F$87,1,0)>=1,F$82,0),F13)=F$77,F$79,0))) -> 0 | G14: =IF(IFERROR(IF(VLOOKUP(G13,G$83:G$87,1,0)>=1,G$82,0),G13)=G$64,G$68,IF(IFERROR(IF(VLOOKUP(G13,G$83:G$87,1,0)>=1,G$82,0),G13)=G$71,G$74,IF(IFERROR(IF(VLOOKUP(G13,G$83:G$87,1,0)>=1,G$82,0),G13)=G$77,G$79,0))) -> 0 | H14: =IF(IFERROR(IF(VLOOKUP(H13,H$83:H$87,1,0)>=1,H$82,0),H13)=H$64,H$68,IF(IFERROR(IF(VLOOKUP(H13,H$83:H$87,1,0)>=1,H$82,0),H13)=H$71,H$74,IF(IFERROR(IF(VLOOKUP(H13,H$83:H$87,1,0)>=1,H$82,0),H13)=H$77,H$79,0))) -> 0 | I14: =IF(IFERROR(IF(VLOOKUP(I13,I$83:I$87,1,0)>=1,I$82,0),I13)=I$64,I$68,IF(IFERROR(IF(VLOOKUP(I13,I$83:I$87,1,0)>=1,I$82,0),I13)=I$71,I$74,IF(IFERROR(IF(VLOOKUP(I13,I$83:I$87,1,0)>=1,I$82,0),I13)=I$77,I$79,0))) -> 0 | J14: =IF(IFERROR(IF(VLOOKUP(J13,J$83:J$87,1,0)>=1,J$82,0),J13)=J$64,J$68,IF(IFERROR(IF(VLOOKUP(J13,J$83:J$87,1,0)>=1,J$82,0),J13)=J$71,J$74,IF(IFERROR(IF(VLOOKUP(J13,J$83:J$87,1,0)>=1,J$82,0),J13)=J$77,J$79,0))) -> 0 | K14: =IF(IFERROR(IF(VLOOKUP(K13,K$83:K$87,1,0)>=1,K$82,0),K13)=K$64,K$68,IF(IFERROR(IF(VLOOKUP(K13,K$83:K$87,1,0)>=1,K$82,0),K13)=K$71,K$74,IF(IFERROR(IF(VLOOKUP(K13,K$83:K$87,1,0)>=1,K$82,0),K13)=K$77,K$79,0))) -> 0 | ... AB14: =IF(IFERROR(IF(VLOOKUP(AB13,AB$83:AB$87,1,0)>=1,AB$82,0),AB13)=AB$64,AB$68,IF(IFERROR(IF(VLOOKUP(AB13,AB$83:AB$87,1,0)>=1,AB$82,0),AB13)=AB$71,AB$74,IF(IFERROR(IF(VLOOKUP(AB13,AB$83:AB$87,1,0)>=1,AB$82,0),AB13)=AB$77,AB$79,0))) -> 0
A15: =+A13+1 -> 5 | B15: =+Partici!B6 -> SALVAYORK | C15: =SUM(D16:AB16) -> 9.7 | D15: 9 | E15: 12 | F15: 3 | G15: 8 | H15: 12 | I15: 8 | J15: 7 | K15: 14 | L15: 9 | M15: 13 | N15: 3 | O15: 11 | P15: 7 | Q15: 7 | R15: 10 | S15: 3 | T15: 5 | U15: 11 | V15: 7 | W15: 3 | X15: 14 | Y15: 14 | Z15: 5 | AC15: =SUM(D16:AB16) -> 9.7
D16: =IF(IFERROR(IF(VLOOKUP(D15,D$83:D$87,1,0)>=1,D$82,0),D15)=D$64,D$68,IF(IFERROR(IF(VLOOKUP(D15,D$83:D$87,1,0)>=1,D$82,0),D15)=D$71,D$74,IF(IFERROR(IF(VLOOKUP(D15,D$83:D$87,1,0)>=1,D$82,0),D15)=D$77,D$79,0))) -> 9.7 | E16: =IF(IFERROR(IF(VLOOKUP(E15,E$83:E$87,1,0)>=1,E$82,0),E15)=E$64,E$68,IF(IFERROR(IF(VLOOKUP(E15,E$83:E$87,1,0)>=1,E$82,0),E15)=E$71,E$74,IF(IFERROR(IF(VLOOKUP(E15,E$83:E$87,1,0)>=1,E$82,0),E15)=E$77,E$79,0))) -> 0 | F16: =IF(IFERROR(IF(VLOOKUP(F15,F$83:F$87,1,0)>=1,F$82,0),F15)=F$64,F$68,IF(IFERROR(IF(VLOOKUP(F15,F$83:F$87,1,0)>=1,F$82,0),F15)=F$71,F$74,IF(IFERROR(IF(VLOOKUP(F15,F$83:F$87,1,0)>=1,F$82,0),F15)=F$77,F$79,0))) -> 0 | G16: =IF(IFERROR(IF(VLOOKUP(G15,G$83:G$87,1,0)>=1,G$82,0),G15)=G$64,G$68,IF(IFERROR(IF(VLOOKUP(G15,G$83:G$87,1,0)>=1,G$82,0),G15)=G$71,G$74,IF(IFERROR(IF(VLOOKUP(G15,G$83:G$87,1,0)>=1,G$82,0),G15)=G$77,G$79,0))) -> 0 | H16: =IF(IFERROR(IF(VLOOKUP(H15,H$83:H$87,1,0)>=1,H$82,0),H15)=H$64,H$68,IF(IFERROR(IF(VLOOKUP(H15,H$83:H$87,1,0)>=1,H$82,0),H15)=H$71,H$74,IF(IFERROR(IF(VLOOKUP(H15,H$83:H$87,1,0)>=1,H$82,0),H15)=H$77,H$79,0))) -> 0 | I16: =IF(IFERROR(IF(VLOOKUP(I15,I$83:I$87,1,0)>=1,I$82,0),I15)=I$64,I$68,IF(IFERROR(IF(VLOOKUP(I15,I$83:I$87,1,0)>=1,I$82,0),I15)=I$71,I$74,IF(IFERROR(IF(VLOOKUP(I15,I$83:I$87,1,0)>=1,I$82,0),I15)=I$77,I$79,0))) -> 0 | J16: =IF(IFERROR(IF(VLOOKUP(J15,J$83:J$87,1,0)>=1,J$82,0),J15)=J$64,J$68,IF(IFERROR(IF(VLOOKUP(J15,J$83:J$87,1,0)>=1,J$82,0),J15)=J$71,J$74,IF(IFERROR(IF(VLOOKUP(J15,J$83:J$87,1,0)>=1,J$82,0),J15)=J$77,J$79,0))) -> 0 | K16: =IF(IFERROR(IF(VLOOKUP(K15,K$83:K$87,1,0)>=1,K$82,0),K15)=K$64,K$68,IF(IFERROR(IF(VLOOKUP(K15,K$83:K$87,1,0)>=1,K$82,0),K15)=K$71,K$74,IF(IFERROR(IF(VLOOKUP(K15,K$83:K$87,1,0)>=1,K$82,0),K15)=K$77,K$79,0))) -> 0 | ... AB16: =IF(IFERROR(IF(VLOOKUP(AB15,AB$83:AB$87,1,0)>=1,AB$82,0),AB15)=AB$64,AB$68,IF(IFERROR(IF(VLOOKUP(AB15,AB$83:AB$87,1,0)>=1,AB$82,0),AB15)=AB$71,AB$74,IF(IFERROR(IF(VLOOKUP(AB15,AB$83:AB$87,1,0)>=1,AB$82,0),AB15)=AB$77,AB$79,0))) -> 0
A17: =+A15+1 -> 6 | B17: =+Partici!B7 -> KING JORANTO | C17: =SUM(D18:AB18) -> 0 | D17: 15 | E17: 15 | F17: 3 | G17: 1 | H17: 3 | I17: 9 | J17: 3 | K17: 12 | L17: 5 | M17: 6 | N17: 4 | O17: 4 | P17: 7 | Q17: 2 | R17: 9 | S17: 9 | T17: 10 | U17: 1 | V17: 10 | W17: 9 | X17: 9 | Y17: 9 | Z17: 8 | AC17: =SUM(D18:AB18) -> 0
D18: =IF(IFERROR(IF(VLOOKUP(D17,D$83:D$87,1,0)>=1,D$82,0),D17)=D$64,D$68,IF(IFERROR(IF(VLOOKUP(D17,D$83:D$87,1,0)>=1,D$82,0),D17)=D$71,D$74,IF(IFERROR(IF(VLOOKUP(D17,D$83:D$87,1,0)>=1,D$82,0),D17)=D$77,D$79,0))) -> 0 | E18: =IF(IFERROR(IF(VLOOKUP(E17,E$83:E$87,1,0)>=1,E$82,0),E17)=E$64,E$68,IF(IFERROR(IF(VLOOKUP(E17,E$83:E$87,1,0)>=1,E$82,0),E17)=E$71,E$74,IF(IFERROR(IF(VLOOKUP(E17,E$83:E$87,1,0)>=1,E$82,0),E17)=E$77,E$79,0))) -> 0 | F18: =IF(IFERROR(IF(VLOOKUP(F17,F$83:F$87,1,0)>=1,F$82,0),F17)=F$64,F$68,IF(IFERROR(IF(VLOOKUP(F17,F$83:F$87,1,0)>=1,F$82,0),F17)=F$71,F$74,IF(IFERROR(IF(VLOOKUP(F17,F$83:F$87,1,0)>=1,F$82,0),F17)=F$77,F$79,0))) -> 0 | G18: =IF(IFERROR(IF(VLOOKUP(G17,G$83:G$87,1,0)>=1,G$82,0),G17)=G$64,G$68,IF(IFERROR(IF(VLOOKUP(G17,G$83:G$87,1,0)>=1,G$82,0),G17)=G$71,G$74,IF(IFERROR(IF(VLOOKUP(G17,G$83:G$87,1,0)>=1,G$82,0),G17)=G$77,G$79,0))) -> 0 | H18: =IF(IFERROR(IF(VLOOKUP(H17,H$83:H$87,1,0)>=1,H$82,0),H17)=H$64,H$68,IF(IFERROR(IF(VLOOKUP(H17,H$83:H$87,1,0)>=1,H$82,0),H17)=H$71,H$74,IF(IFERROR(IF(VLOOKUP(H17,H$83:H$87,1,0)>=1,H$82,0),H17)=H$77,H$79,0))) -> 0 | I18: =IF(IFERROR(IF(VLOOKUP(I17,I$83:I$87,1,0)>=1,I$82,0),I17)=I$64,I$68,IF(IFERROR(IF(VLOOKUP(I17,I$83:I$87,1,0)>=1,I$82,0),I17)=I$71,I$74,IF(IFERROR(IF(VLOOKUP(I17,I$83:I$87,1,0)>=1,I$82,0),I17)=I$77,I$79,0))) -> 0 | J18: =IF(IFERROR(IF(VLOOKUP(J17,J$83:J$87,1,0)>=1,J$82,0),J17)=J$64,J$68,IF(IFERROR(IF(VLOOKUP(J17,J$83:J$87,1,0)>=1,J$82,0),J17)=J$71,J$74,IF(IFERROR(IF(VLOOKUP(J17,J$83:J$87,1,0)>=1,J$82,0),J17)=J$77,J$79,0))) -> 0 | K18: =IF(IFERROR(IF(VLOOKUP(K17,K$83:K$87,1,0)>=1,K$82,0),K17)=K$64,K$68,IF(IFERROR(IF(VLOOKUP(K17,K$83:K$87,1,0)>=1,K$82,0),K17)=K$71,K$74,IF(IFERROR(IF(VLOOKUP(K17,K$83:K$87,1,0)>=1,K$82,0),K17)=K$77,K$79,0))) -> 0 | ... AB18: =IF(IFERROR(IF(VLOOKUP(AB17,AB$83:AB$87,1,0)>=1,AB$82,0),AB17)=AB$64,AB$68,IF(IFERROR(IF(VLOOKUP(AB17,AB$83:AB$87,1,0)>=1,AB$82,0),AB17)=AB$71,AB$74,IF(IFERROR(IF(VLOOKUP(AB17,AB$83:AB$87,1,0)>=1,AB$82,0),AB17)=AB$77,AB$79,0))) -> 0
A19: =+A17+1 -> 7 | B19: =+Partici!B8 -> TOCOCO | C19: =SUM(D20:AB20) -> 9.7 | D19: 9 | E19: 3 | F19: 5 | G19: 1 | H19: 14 | I19: 8 | J19: 7 | K19: 5 | L19: 2 | M19: 14 | N19: 4 | O19: 6 | P19: 14 | Q19: 1 | R19: 11 | S19: 1 | T19: 2 | U19: 10 | V19: 6 | W19: 8 | X19: 2 | Y19: 12 | Z19: 1 | AC19: =SUM(D20:AB20) -> 9.7
D20: =IF(IFERROR(IF(VLOOKUP(D19,D$83:D$87,1,0)>=1,D$82,0),D19)=D$64,D$68,IF(IFERROR(IF(VLOOKUP(D19,D$83:D$87,1,0)>=1,D$82,0),D19)=D$71,D$74,IF(IFERROR(IF(VLOOKUP(D19,D$83:D$87,1,0)>=1,D$82,0),D19)=D$77,D$79,0))) -> 9.7 | E20: =IF(IFERROR(IF(VLOOKUP(E19,E$83:E$87,1,0)>=1,E$82,0),E19)=E$64,E$68,IF(IFERROR(IF(VLOOKUP(E19,E$83:E$87,1,0)>=1,E$82,0),E19)=E$71,E$74,IF(IFERROR(IF(VLOOKUP(E19,E$83:E$87,1,0)>=1,E$82,0),E19)=E$77,E$79,0))) -> 0 | F20: =IF(IFERROR(IF(VLOOKUP(F19,F$83:F$87,1,0)>=1,F$82,0),F19)=F$64,F$68,IF(IFERROR(IF(VLOOKUP(F19,F$83:F$87,1,0)>=1,F$82,0),F19)=F$71,F$74,IF(IFERROR(IF(VLOOKUP(F19,F$83:F$87,1,0)>=1,F$82,0),F19)=F$77,F$79,0))) -> 0 | G20: =IF(IFERROR(IF(VLOOKUP(G19,G$83:G$87,1,0)>=1,G$82,0),G19)=G$64,G$68,IF(IFERROR(IF(VLOOKUP(G19,G$83:G$87,1,0)>=1,G$82,0),G19)=G$71,G$74,IF(IFERROR(IF(VLOOKUP(G19,G$83:G$87,1,0)>=1,G$82,0),G19)=G$77,G$79,0))) -> 0 | H20: =IF(IFERROR(IF(VLOOKUP(H19,H$83:H$87,1,0)>=1,H$82,0),H19)=H$64,H$68,IF(IFERROR(IF(VLOOKUP(H19,H$83:H$87,1,0)>=1,H$82,0),H19)=H$71,H$74,IF(IFERROR(IF(VLOOKUP(H19,H$83:H$87,1,0)>=1,H$82,0),H19)=H$77,H$79,0))) -> 0 | I20: =IF(IFERROR(IF(VLOOKUP(I19,I$83:I$87,1,0)>=1,I$82,0),I19)=I$64,I$68,IF(IFERROR(IF(VLOOKUP(I19,I$83:I$87,1,0)>=1,I$82,0),I19)=I$71,I$74,IF(IFERROR(IF(VLOOKUP(I19,I$83:I$87,1,0)>=1,I$82,0),I19)=I$77,I$79,0))) -> 0 | J20: =IF(IFERROR(IF(VLOOKUP(J19,J$83:J$87,1,0)>=1,J$82,0),J19)=J$64,J$68,IF(IFERROR(IF(VLOOKUP(J19,J$83:J$87,1,0)>=1,J$82,0),J19)=J$71,J$74,IF(IFERROR(IF(VLOOKUP(J19,J$83:J$87,1,0)>=1,J$82,0),J19)=J$77,J$79,0))) -> 0 | K20: =IF(IFERROR(IF(VLOOKUP(K19,K$83:K$87,1,0)>=1,K$82,0),K19)=K$64,K$68,IF(IFERROR(IF(VLOOKUP(K19,K$83:K$87,1,0)>=1,K$82,0),K19)=K$71,K$74,IF(IFERROR(IF(VLOOKUP(K19,K$83:K$87,1,0)>=1,K$82,0),K19)=K$77,K$79,0))) -> 0 | ... AB20: =IF(IFERROR(IF(VLOOKUP(AB19,AB$83:AB$87,1,0)>=1,AB$82,0),AB19)=AB$64,AB$68,IF(IFERROR(IF(VLOOKUP(AB19,AB$83:AB$87,1,0)>=1,AB$82,0),AB19)=AB$71,AB$74,IF(IFERROR(IF(VLOOKUP(AB19,AB$83:AB$87,1,0)>=1,AB$82,0),AB19)=AB$77,AB$79,0))) -> 0
A21: =+A19+1 -> 8 | B21: =+Partici!B9 -> AUMENTA MEDINA | C21: =SUM(D22:AB22) -> 1.1 | D21: 3 | E21: 1 | F21: 5 | G21: 3 | H21: 14 | I21: 1 | J21: 7 | K21: 13 | L21: 2 | M21: 2 | N21: 4 | O21: 7 | P21: 1 | Q21: 1 | R21: 10 | S21: 8 | T21: 4 | U21: 10 | V21: 10 | W21: 6 | X21: 3 | Y21: 8 | Z21: 4 | AC21: =SUM(D22:AB22) -> 1.1
D22: =IF(IFERROR(IF(VLOOKUP(D21,D$83:D$87,1,0)>=1,D$82,0),D21)=D$64,D$68,IF(IFERROR(IF(VLOOKUP(D21,D$83:D$87,1,0)>=1,D$82,0),D21)=D$71,D$74,IF(IFERROR(IF(VLOOKUP(D21,D$83:D$87,1,0)>=1,D$82,0),D21)=D$77,D$79,0))) -> 1.1 | E22: =IF(IFERROR(IF(VLOOKUP(E21,E$83:E$87,1,0)>=1,E$82,0),E21)=E$64,E$68,IF(IFERROR(IF(VLOOKUP(E21,E$83:E$87,1,0)>=1,E$82,0),E21)=E$71,E$74,IF(IFERROR(IF(VLOOKUP(E21,E$83:E$87,1,0)>=1,E$82,0),E21)=E$77,E$79,0))) -> 0 | F22: =IF(IFERROR(IF(VLOOKUP(F21,F$83:F$87,1,0)>=1,F$82,0),F21)=F$64,F$68,IF(IFERROR(IF(VLOOKUP(F21,F$83:F$87,1,0)>=1,F$82,0),F21)=F$71,F$74,IF(IFERROR(IF(VLOOKUP(F21,F$83:F$87,1,0)>=1,F$82,0),F21)=F$77,F$79,0))) -> 0 | G22: =IF(IFERROR(IF(VLOOKUP(G21,G$83:G$87,1,0)>=1,G$82,0),G21)=G$64,G$68,IF(IFERROR(IF(VLOOKUP(G21,G$83:G$87,1,0)>=1,G$82,0),G21)=G$71,G$74,IF(IFERROR(IF(VLOOKUP(G21,G$83:G$87,1,0)>=1,G$82,0),G21)=G$77,G$79,0))) -> 0 | H22: =IF(IFERROR(IF(VLOOKUP(H21,H$83:H$87,1,0)>=1,H$82,0),H21)=H$64,H$68,IF(IFERROR(IF(VLOOKUP(H21,H$83:H$87,1,0)>=1,H$82,0),H21)=H$71,H$74,IF(IFERROR(IF(VLOOKUP(H21,H$83:H$87,1,0)>=1,H$82,0),H21)=H$77,H$79,0))) -> 0 | I22: =IF(IFERROR(IF(VLOOKUP(I21,I$83:I$87,1,0)>=1,I$82,0),I21)=I$64,I$68,IF(IFERROR(IF(VLOOKUP(I21,I$83:I$87,1,0)>=1,I$82,0),I21)=I$71,I$74,IF(IFERROR(IF(VLOOKUP(I21,I$83:I$87,1,0)>=1,I$82,0),I21)=I$77,I$79,0))) -> 0 | J22: =IF(IFERROR(IF(VLOOKUP(J21,J$83:J$87,1,0)>=1,J$82,0),J21)=J$64,J$68,IF(IFERROR(IF(VLOOKUP(J21,J$83:J$87,1,0)>=1,J$82,0),J21)=J$71,J$74,IF(IFERROR(IF(VLOOKUP(J21,J$83:J$87,1,0)>=1,J$82,0),J21)=J$77,J$79,0))) -> 0 | K22: =IF(IFERROR(IF(VLOOKUP(K21,K$83:K$87,1,0)>=1,K$82,0),K21)=K$64,K$68,IF(IFERROR(IF(VLOOKUP(K21,K$83:K$87,1,0)>=1,K$82,0),K21)=K$71,K$74,IF(IFERROR(IF(VLOOKUP(K21,K$83:K$87,1,0)>=1,K$82,0),K21)=K$77,K$79,0))) -> 0 | ... AB22: =IF(IFERROR(IF(VLOOKUP(AB21,AB$83:AB$87,1,0)>=1,AB$82,0),AB21)=AB$64,AB$68,IF(IFERROR(IF(VLOOKUP(AB21,AB$83:AB$87,1,0)>=1,AB$82,0),AB21)=AB$71,AB$74,IF(IFERROR(IF(VLOOKUP(AB21,AB$83:AB$87,1,0)>=1,AB$82,0),AB21)=AB$77,AB$79,0))) -> 0
A23: =+A21+1 -> 9 | B23: =+Partici!B10 -> MAGICO MEDINA | C23: =SUM(D24:AB24) -> 1.1 | D23: 3 | E23: 1 | F23: 5 | G23: 4 | H23: 14 | I23: 1 | J23: 4 | K23: 5 | L23: 2 | M23: 2 | N23: 4 | O23: 10 | P23: 9 | Q23: 1 | R23: 10 | S23: 8 | T23: 4 | U23: 8 | V23: 3 | W23: 3 | X23: 9 | Y23: 4 | Z23: 4 | AC23: =SUM(D24:AB24) -> 1.1
D24: =IF(IFERROR(IF(VLOOKUP(D23,D$83:D$87,1,0)>=1,D$82,0),D23)=D$64,D$68,IF(IFERROR(IF(VLOOKUP(D23,D$83:D$87,1,0)>=1,D$82,0),D23)=D$71,D$74,IF(IFERROR(IF(VLOOKUP(D23,D$83:D$87,1,0)>=1,D$82,0),D23)=D$77,D$79,0))) -> 1.1 | E24: =IF(IFERROR(IF(VLOOKUP(E23,E$83:E$87,1,0)>=1,E$82,0),E23)=E$64,E$68,IF(IFERROR(IF(VLOOKUP(E23,E$83:E$87,1,0)>=1,E$82,0),E23)=E$71,E$74,IF(IFERROR(IF(VLOOKUP(E23,E$83:E$87,1,0)>=1,E$82,0),E23)=E$77,E$79,0))) -> 0 | F24: =IF(IFERROR(IF(VLOOKUP(F23,F$83:F$87,1,0)>=1,F$82,0),F23)=F$64,F$68,IF(IFERROR(IF(VLOOKUP(F23,F$83:F$87,1,0)>=1,F$82,0),F23)=F$71,F$74,IF(IFERROR(IF(VLOOKUP(F23,F$83:F$87,1,0)>=1,F$82,0),F23)=F$77,F$79,0))) -> 0 | G24: =IF(IFERROR(IF(VLOOKUP(G23,G$83:G$87,1,0)>=1,G$82,0),G23)=G$64,G$68,IF(IFERROR(IF(VLOOKUP(G23,G$83:G$87,1,0)>=1,G$82,0),G23)=G$71,G$74,IF(IFERROR(IF(VLOOKUP(G23,G$83:G$87,1,0)>=1,G$82,0),G23)=G$77,G$79,0))) -> 0 | H24: =IF(IFERROR(IF(VLOOKUP(H23,H$83:H$87,1,0)>=1,H$82,0),H23)=H$64,H$68,IF(IFERROR(IF(VLOOKUP(H23,H$83:H$87,1,0)>=1,H$82,0),H23)=H$71,H$74,IF(IFERROR(IF(VLOOKUP(H23,H$83:H$87,1,0)>=1,H$82,0),H23)=H$77,H$79,0))) -> 0 | I24: =IF(IFERROR(IF(VLOOKUP(I23,I$83:I$87,1,0)>=1,I$82,0),I23)=I$64,I$68,IF(IFERROR(IF(VLOOKUP(I23,I$83:I$87,1,0)>=1,I$82,0),I23)=I$71,I$74,IF(IFERROR(IF(VLOOKUP(I23,I$83:I$87,1,0)>=1,I$82,0),I23)=I$77,I$79,0))) -> 0 | J24: =IF(IFERROR(IF(VLOOKUP(J23,J$83:J$87,1,0)>=1,J$82,0),J23)=J$64,J$68,IF(IFERROR(IF(VLOOKUP(J23,J$83:J$87,1,0)>=1,J$82,0),J23)=J$71,J$74,IF(IFERROR(IF(VLOOKUP(J23,J$83:J$87,1,0)>=1,J$82,0),J23)=J$77,J$79,0))) -> 0 | K24: =IF(IFERROR(IF(VLOOKUP(K23,K$83:K$87,1,0)>=1,K$82,0),K23)=K$64,K$68,IF(IFERROR(IF(VLOOKUP(K23,K$83:K$87,1,0)>=1,K$82,0),K23)=K$71,K$74,IF(IFERROR(IF(VLOOKUP(K23,K$83:K$87,1,0)>=1,K$82,0),K23)=K$77,K$79,0))) -> 0 | ... AB24: =IF(IFERROR(IF(VLOOKUP(AB23,AB$83:AB$87,1,0)>=1,AB$82,0),AB23)=AB$64,AB$68,IF(IFERROR(IF(VLOOKUP(AB23,AB$83:AB$87,1,0)>=1,AB$82,0),AB23)=AB$71,AB$74,IF(IFERROR(IF(VLOOKUP(AB23,AB$83:AB$87,1,0)>=1,AB$82,0),AB23)=AB$77,AB$79,0))) -> 0
A25: =+A23+1 -> 10 | B25: =+Partici!B11 -> KOKE | C25: =SUM(D26:AB26) -> 9.7 | D25: 9 | E25: 1 | F25: 5 | G25: 2 | H25: 9 | I25: 2 | J25: 7 | K25: 5 | L25: 9 | M25: 8 | N25: 4 | O25: 11 | P25: 3 | Q25: 1 | R25: 2 | S25: 8 | T25: 8 | U25: 10 | V25: 3 | W25: 3 | X25: 14 | Y25: 8 | Z25: 4 | AC25: =SUM(D26:AB26) -> 9.7
D26: =IF(IFERROR(IF(VLOOKUP(D25,D$83:D$87,1,0)>=1,D$82,0),D25)=D$64,D$68,IF(IFERROR(IF(VLOOKUP(D25,D$83:D$87,1,0)>=1,D$82,0),D25)=D$71,D$74,IF(IFERROR(IF(VLOOKUP(D25,D$83:D$87,1,0)>=1,D$82,0),D25)=D$77,D$79,0))) -> 9.7 | E26: =IF(IFERROR(IF(VLOOKUP(E25,E$83:E$87,1,0)>=1,E$82,0),E25)=E$64,E$68,IF(IFERROR(IF(VLOOKUP(E25,E$83:E$87,1,0)>=1,E$82,0),E25)=E$71,E$74,IF(IFERROR(IF(VLOOKUP(E25,E$83:E$87,1,0)>=1,E$82,0),E25)=E$77,E$79,0))) -> 0 | F26: =IF(IFERROR(IF(VLOOKUP(F25,F$83:F$87,1,0)>=1,F$82,0),F25)=F$64,F$68,IF(IFERROR(IF(VLOOKUP(F25,F$83:F$87,1,0)>=1,F$82,0),F25)=F$71,F$74,IF(IFERROR(IF(VLOOKUP(F25,F$83:F$87,1,0)>=1,F$82,0),F25)=F$77,F$79,0))) -> 0 | G26: =IF(IFERROR(IF(VLOOKUP(G25,G$83:G$87,1,0)>=1,G$82,0),G25)=G$64,G$68,IF(IFERROR(IF(VLOOKUP(G25,G$83:G$87,1,0)>=1,G$82,0),G25)=G$71,G$74,IF(IFERROR(IF(VLOOKUP(G25,G$83:G$87,1,0)>=1,G$82,0),G25)=G$77,G$79,0))) -> 0 | H26: =IF(IFERROR(IF(VLOOKUP(H25,H$83:H$87,1,0)>=1,H$82,0),H25)=H$64,H$68,IF(IFERROR(IF(VLOOKUP(H25,H$83:H$87,1,0)>=1,H$82,0),H25)=H$71,H$74,IF(IFERROR(IF(VLOOKUP(H25,H$83:H$87,1,0)>=1,H$82,0),H25)=H$77,H$79,0))) -> 0 | I26: =IF(IFERROR(IF(VLOOKUP(I25,I$83:I$87,1,0)>=1,I$82,0),I25)=I$64,I$68,IF(IFERROR(IF(VLOOKUP(I25,I$83:I$87,1,0)>=1,I$82,0),I25)=I$71,I$74,IF(IFERROR(IF(VLOOKUP(I25,I$83:I$87,1,0)>=1,I$82,0),I25)=I$77,I$79,0))) -> 0 | J26: =IF(IFERROR(IF(VLOOKUP(J25,J$83:J$87,1,0)>=1,J$82,0),J25)=J$64,J$68,IF(IFERROR(IF(VLOOKUP(J25,J$83:J$87,1,0)>=1,J$82,0),J25)=J$71,J$74,IF(IFERROR(IF(VLOOKUP(J25,J$83:J$87,1,0)>=1,J$82,0),J25)=J$77,J$79,0))) -> 0 | K26: =IF(IFERROR(IF(VLOOKUP(K25,K$83:K$87,1,0)>=1,K$82,0),K25)=K$64,K$68,IF(IFERROR(IF(VLOOKUP(K25,K$83:K$87,1,0)>=1,K$82,0),K25)=K$71,K$74,IF(IFERROR(IF(VLOOKUP(K25,K$83:K$87,1,0)>=1,K$82,0),K25)=K$77,K$79,0))) -> 0 | ... AB26: =IF(IFERROR(IF(VLOOKUP(AB25,AB$83:AB$87,1,0)>=1,AB$82,0),AB25)=AB$64,AB$68,IF(IFERROR(IF(VLOOKUP(AB25,AB$83:AB$87,1,0)>=1,AB$82,0),AB25)=AB$71,AB$74,IF(IFERROR(IF(VLOOKUP(AB25,AB$83:AB$87,1,0)>=1,AB$82,0),AB25)=AB$77,AB$79,0))) -> 0
A27: =+A25+1 -> 11 | B27: =+Partici!B12 -> SERVIFRENOS | C27: =SUM(D28:AB28) -> 0 | D27: 7 | E27: 6 | F27: 5 | G27: 2 | H27: 12 | I27: 8 | J27: 7 | K27: 5 | L27: 5 | M27: 6 | N27: 4 | O27: 8 | P27: 4 | Q27: 1 | R27: 2 | S27: 8 | T27: 8 | U27: 10 | V27: 3 | W27: 3 | X27: 9 | Y27: 8 | Z27: 4 | AC27: =SUM(D28:AB28) -> 0
D28: =IF(IFERROR(IF(VLOOKUP(D27,D$83:D$87,1,0)>=1,D$82,0),D27)=D$64,D$68,IF(IFERROR(IF(VLOOKUP(D27,D$83:D$87,1,0)>=1,D$82,0),D27)=D$71,D$74,IF(IFERROR(IF(VLOOKUP(D27,D$83:D$87,1,0)>=1,D$82,0),D27)=D$77,D$79,0))) -> 0 | E28: =IF(IFERROR(IF(VLOOKUP(E27,E$83:E$87,1,0)>=1,E$82,0),E27)=E$64,E$68,IF(IFERROR(IF(VLOOKUP(E27,E$83:E$87,1,0)>=1,E$82,0),E27)=E$71,E$74,IF(IFERROR(IF(VLOOKUP(E27,E$83:E$87,1,0)>=1,E$82,0),E27)=E$77,E$79,0))) -> 0 | F28: =IF(IFERROR(IF(VLOOKUP(F27,F$83:F$87,1,0)>=1,F$82,0),F27)=F$64,F$68,IF(IFERROR(IF(VLOOKUP(F27,F$83:F$87,1,0)>=1,F$82,0),F27)=F$71,F$74,IF(IFERROR(IF(VLOOKUP(F27,F$83:F$87,1,0)>=1,F$82,0),F27)=F$77,F$79,0))) -> 0 | G28: =IF(IFERROR(IF(VLOOKUP(G27,G$83:G$87,1,0)>=1,G$82,0),G27)=G$64,G$68,IF(IFERROR(IF(VLOOKUP(G27,G$83:G$87,1,0)>=1,G$82,0),G27)=G$71,G$74,IF(IFERROR(IF(VLOOKUP(G27,G$83:G$87,1,0)>=1,G$82,0),G27)=G$77,G$79,0))) -> 0 | H28: =IF(IFERROR(IF(VLOOKUP(H27,H$83:H$87,1,0)>=1,H$82,0),H27)=H$64,H$68,IF(IFERROR(IF(VLOOKUP(H27,H$83:H$87,1,0)>=1,H$82,0),H27)=H$71,H$74,IF(IFERROR(IF(VLOOKUP(H27,H$83:H$87,1,0)>=1,H$82,0),H27)=H$77,H$79,0))) -> 0 | I28: =IF(IFERROR(IF(VLOOKUP(I27,I$83:I$87,1,0)>=1,I$82,0),I27)=I$64,I$68,IF(IFERROR(IF(VLOOKUP(I27,I$83:I$87,1,0)>=1,I$82,0),I27)=I$71,I$74,IF(IFERROR(IF(VLOOKUP(I27,I$83:I$87,1,0)>=1,I$82,0),I27)=I$77,I$79,0))) -> 0 | J28: =IF(IFERROR(IF(VLOOKUP(J27,J$83:J$87,1,0)>=1,J$82,0),J27)=J$64,J$68,IF(IFERROR(IF(VLOOKUP(J27,J$83:J$87,1,0)>=1,J$82,0),J27)=J$71,J$74,IF(IFERROR(IF(VLOOKUP(J27,J$83:J$87,1,0)>=1,J$82,0),J27)=J$77,J$79,0))) -> 0 | K28: =IF(IFERROR(IF(VLOOKUP(K27,K$83:K$87,1,0)>=1,K$82,0),K27)=K$64,K$68,IF(IFERROR(IF(VLOOKUP(K27,K$83:K$87,1,0)>=1,K$82,0),K27)=K$71,K$74,IF(IFERROR(IF(VLOOKUP(K27,K$83:K$87,1,0)>=1,K$82,0),K27)=K$77,K$79,0))) -> 0 | ... AB28: =IF(IFERROR(IF(VLOOKUP(AB27,AB$83:AB$87,1,0)>=1,AB$82,0),AB27)=AB$64,AB$68,IF(IFERROR(IF(VLOOKUP(AB27,AB$83:AB$87,1,0)>=1,AB$82,0),AB27)=AB$71,AB$74,IF(IFERROR(IF(VLOOKUP(AB27,AB$83:AB$87,1,0)>=1,AB$82,0),AB27)=AB$77,AB$79,0))) -> 0
A29: =+A27+1 -> 12 | B29: =+Partici!B13 -> ALF | C29: =SUM(D30:AB30) -> 0 | D29: 15 | E29: 1 | F29: 5 | G29: 11 | H29: 9 | I29: 6 | J29: 4 | K29: 9 | L29: 8 | M29: 4 | N29: 1 | O29: 11 | P29: 10 | Q29: 7 | R29: 9 | S29: 2 | T29: 1 | U29: 4 | V29: 14 | W29: 5 | X29: 13 | Y29: 5 | Z29: 11 | AC29: =SUM(D30:AB30) -> 0
D30: =IF(IFERROR(IF(VLOOKUP(D29,D$83:D$87,1,0)>=1,D$82,0),D29)=D$64,D$68,IF(IFERROR(IF(VLOOKUP(D29,D$83:D$87,1,0)>=1,D$82,0),D29)=D$71,D$74,IF(IFERROR(IF(VLOOKUP(D29,D$83:D$87,1,0)>=1,D$82,0),D29)=D$77,D$79,0))) -> 0 | E30: =IF(IFERROR(IF(VLOOKUP(E29,E$83:E$87,1,0)>=1,E$82,0),E29)=E$64,E$68,IF(IFERROR(IF(VLOOKUP(E29,E$83:E$87,1,0)>=1,E$82,0),E29)=E$71,E$74,IF(IFERROR(IF(VLOOKUP(E29,E$83:E$87,1,0)>=1,E$82,0),E29)=E$77,E$79,0))) -> 0 | F30: =IF(IFERROR(IF(VLOOKUP(F29,F$83:F$87,1,0)>=1,F$82,0),F29)=F$64,F$68,IF(IFERROR(IF(VLOOKUP(F29,F$83:F$87,1,0)>=1,F$82,0),F29)=F$71,F$74,IF(IFERROR(IF(VLOOKUP(F29,F$83:F$87,1,0)>=1,F$82,0),F29)=F$77,F$79,0))) -> 0 | G30: =IF(IFERROR(IF(VLOOKUP(G29,G$83:G$87,1,0)>=1,G$82,0),G29)=G$64,G$68,IF(IFERROR(IF(VLOOKUP(G29,G$83:G$87,1,0)>=1,G$82,0),G29)=G$71,G$74,IF(IFERROR(IF(VLOOKUP(G29,G$83:G$87,1,0)>=1,G$82,0),G29)=G$77,G$79,0))) -> 0 | H30: =IF(IFERROR(IF(VLOOKUP(H29,H$83:H$87,1,0)>=1,H$82,0),H29)=H$64,H$68,IF(IFERROR(IF(VLOOKUP(H29,H$83:H$87,1,0)>=1,H$82,0),H29)=H$71,H$74,IF(IFERROR(IF(VLOOKUP(H29,H$83:H$87,1,0)>=1,H$82,0),H29)=H$77,H$79,0))) -> 0 | I30: =IF(IFERROR(IF(VLOOKUP(I29,I$83:I$87,1,0)>=1,I$82,0),I29)=I$64,I$68,IF(IFERROR(IF(VLOOKUP(I29,I$83:I$87,1,0)>=1,I$82,0),I29)=I$71,I$74,IF(IFERROR(IF(VLOOKUP(I29,I$83:I$87,1,0)>=1,I$82,0),I29)=I$77,I$79,0))) -> 0 | J30: =IF(IFERROR(IF(VLOOKUP(J29,J$83:J$87,1,0)>=1,J$82,0),J29)=J$64,J$68,IF(IFERROR(IF(VLOOKUP(J29,J$83:J$87,1,0)>=1,J$82,0),J29)=J$71,J$74,IF(IFERROR(IF(VLOOKUP(J29,J$83:J$87,1,0)>=1,J$82,0),J29)=J$77,J$79,0))) -> 0 | K30: =IF(IFERROR(IF(VLOOKUP(K29,K$83:K$87,1,0)>=1,K$82,0),K29)=K$64,K$68,IF(IFERROR(IF(VLOOKUP(K29,K$83:K$87,1,0)>=1,K$82,0),K29)=K$71,K$74,IF(IFERROR(IF(VLOOKUP(K29,K$83:K$87,1,0)>=1,K$82,0),K29)=K$77,K$79,0))) -> 0 | ... AB30: =IF(IFERROR(IF(VLOOKUP(AB29,AB$83:AB$87,1,0)>=1,AB$82,0),AB29)=AB$64,AB$68,IF(IFERROR(IF(VLOOKUP(AB29,AB$83:AB$87,1,0)>=1,AB$82,0),AB29)=AB$71,AB$74,IF(IFERROR(IF(VLOOKUP(AB29,AB$83:AB$87,1,0)>=1,AB$82,0),AB29)=AB$77,AB$79,0))) -> 0
A31: =+A29+1 -> 13 | B31: =+Partici!B14 -> TRES COPAS | C31: =SUM(D32:AB32) -> 1.1 | D31: 3 | E31: 3 | F31: 11 | G31: 7 | H31: 5 | I31: 11 | J31: 4 | K31: 9 | L31: 9 | M31: 8 | N31: 3 | O31: 8 | P31: 11 | Q31: 6 | R31: 5 | S31: 9 | T31: 11 | U31: 4 | V31: 1 | W31: 8 | X31: 9 | Y31: 8 | Z31: 3 | AC31: =SUM(D32:AB32) -> 1.1
D32: =IF(IFERROR(IF(VLOOKUP(D31,D$83:D$87,1,0)>=1,D$82,0),D31)=D$64,D$68,IF(IFERROR(IF(VLOOKUP(D31,D$83:D$87,1,0)>=1,D$82,0),D31)=D$71,D$74,IF(IFERROR(IF(VLOOKUP(D31,D$83:D$87,1,0)>=1,D$82,0),D31)=D$77,D$79,0))) -> 1.1 | E32: =IF(IFERROR(IF(VLOOKUP(E31,E$83:E$87,1,0)>=1,E$82,0),E31)=E$64,E$68,IF(IFERROR(IF(VLOOKUP(E31,E$83:E$87,1,0)>=1,E$82,0),E31)=E$71,E$74,IF(IFERROR(IF(VLOOKUP(E31,E$83:E$87,1,0)>=1,E$82,0),E31)=E$77,E$79,0))) -> 0 | F32: =IF(IFERROR(IF(VLOOKUP(F31,F$83:F$87,1,0)>=1,F$82,0),F31)=F$64,F$68,IF(IFERROR(IF(VLOOKUP(F31,F$83:F$87,1,0)>=1,F$82,0),F31)=F$71,F$74,IF(IFERROR(IF(VLOOKUP(F31,F$83:F$87,1,0)>=1,F$82,0),F31)=F$77,F$79,0))) -> 0 | G32: =IF(IFERROR(IF(VLOOKUP(G31,G$83:G$87,1,0)>=1,G$82,0),G31)=G$64,G$68,IF(IFERROR(IF(VLOOKUP(G31,G$83:G$87,1,0)>=1,G$82,0),G31)=G$71,G$74,IF(IFERROR(IF(VLOOKUP(G31,G$83:G$87,1,0)>=1,G$82,0),G31)=G$77,G$79,0))) -> 0 | H32: =IF(IFERROR(IF(VLOOKUP(H31,H$83:H$87,1,0)>=1,H$82,0),H31)=H$64,H$68,IF(IFERROR(IF(VLOOKUP(H31,H$83:H$87,1,0)>=1,H$82,0),H31)=H$71,H$74,IF(IFERROR(IF(VLOOKUP(H31,H$83:H$87,1,0)>=1,H$82,0),H31)=H$77,H$79,0))) -> 0 | I32: =IF(IFERROR(IF(VLOOKUP(I31,I$83:I$87,1,0)>=1,I$82,0),I31)=I$64,I$68,IF(IFERROR(IF(VLOOKUP(I31,I$83:I$87,1,0)>=1,I$82,0),I31)=I$71,I$74,IF(IFERROR(IF(VLOOKUP(I31,I$83:I$87,1,0)>=1,I$82,0),I31)=I$77,I$79,0))) -> 0 | J32: =IF(IFERROR(IF(VLOOKUP(J31,J$83:J$87,1,0)>=1,J$82,0),J31)=J$64,J$68,IF(IFERROR(IF(VLOOKUP(J31,J$83:J$87,1,0)>=1,J$82,0),J31)=J$71,J$74,IF(IFERROR(IF(VLOOKUP(J31,J$83:J$87,1,0)>=1,J$82,0),J31)=J$77,J$79,0))) -> 0 | K32: =IF(IFERROR(IF(VLOOKUP(K31,K$83:K$87,1,0)>=1,K$82,0),K31)=K$64,K$68,IF(IFERROR(IF(VLOOKUP(K31,K$83:K$87,1,0)>=1,K$82,0),K31)=K$71,K$74,IF(IFERROR(IF(VLOOKUP(K31,K$83:K$87,1,0)>=1,K$82,0),K31)=K$77,K$79,0))) -> 0 | ... AB32: =IF(IFERROR(IF(VLOOKUP(AB31,AB$83:AB$87,1,0)>=1,AB$82,0),AB31)=AB$64,AB$68,IF(IFERROR(IF(VLOOKUP(AB31,AB$83:AB$87,1,0)>=1,AB$82,0),AB31)=AB$71,AB$74,IF(IFERROR(IF(VLOOKUP(AB31,AB$83:AB$87,1,0)>=1,AB$82,0),AB31)=AB$77,AB$79,0))) -> 0
A33: =+A31+1 -> 14 | B33: =+Partici!B15 -> SEA COURT 1 | C33: =SUM(D34:AB34) -> 1.1 | D33: 3 | E33: 3 | F33: 5 | G33: 2 | H33: 14 | I33: 9 | J33: 5 | K33: 5 | L33: 1 | M33: 14 | N33: 4 | O33: 4 | P33: 1 | Q33: 3 | R33: 2 | S33: 9 | T33: 7 | U33: 10 | V33: 1 | W33: 8 | X33: 14 | Y33: 4 | Z33: 4 | AC33: =SUM(D34:AB34) -> 1.1
D34: =IF(IFERROR(IF(VLOOKUP(D33,D$83:D$87,1,0)>=1,D$82,0),D33)=D$64,D$68,IF(IFERROR(IF(VLOOKUP(D33,D$83:D$87,1,0)>=1,D$82,0),D33)=D$71,D$74,IF(IFERROR(IF(VLOOKUP(D33,D$83:D$87,1,0)>=1,D$82,0),D33)=D$77,D$79,0))) -> 1.1 | E34: =IF(IFERROR(IF(VLOOKUP(E33,E$83:E$87,1,0)>=1,E$82,0),E33)=E$64,E$68,IF(IFERROR(IF(VLOOKUP(E33,E$83:E$87,1,0)>=1,E$82,0),E33)=E$71,E$74,IF(IFERROR(IF(VLOOKUP(E33,E$83:E$87,1,0)>=1,E$82,0),E33)=E$77,E$79,0))) -> 0 | F34: =IF(IFERROR(IF(VLOOKUP(F33,F$83:F$87,1,0)>=1,F$82,0),F33)=F$64,F$68,IF(IFERROR(IF(VLOOKUP(F33,F$83:F$87,1,0)>=1,F$82,0),F33)=F$71,F$74,IF(IFERROR(IF(VLOOKUP(F33,F$83:F$87,1,0)>=1,F$82,0),F33)=F$77,F$79,0))) -> 0 | G34: =IF(IFERROR(IF(VLOOKUP(G33,G$83:G$87,1,0)>=1,G$82,0),G33)=G$64,G$68,IF(IFERROR(IF(VLOOKUP(G33,G$83:G$87,1,0)>=1,G$82,0),G33)=G$71,G$74,IF(IFERROR(IF(VLOOKUP(G33,G$83:G$87,1,0)>=1,G$82,0),G33)=G$77,G$79,0))) -> 0 | H34: =IF(IFERROR(IF(VLOOKUP(H33,H$83:H$87,1,0)>=1,H$82,0),H33)=H$64,H$68,IF(IFERROR(IF(VLOOKUP(H33,H$83:H$87,1,0)>=1,H$82,0),H33)=H$71,H$74,IF(IFERROR(IF(VLOOKUP(H33,H$83:H$87,1,0)>=1,H$82,0),H33)=H$77,H$79,0))) -> 0 | I34: =IF(IFERROR(IF(VLOOKUP(I33,I$83:I$87,1,0)>=1,I$82,0),I33)=I$64,I$68,IF(IFERROR(IF(VLOOKUP(I33,I$83:I$87,1,0)>=1,I$82,0),I33)=I$71,I$74,IF(IFERROR(IF(VLOOKUP(I33,I$83:I$87,1,0)>=1,I$82,0),I33)=I$77,I$79,0))) -> 0 | J34: =IF(IFERROR(IF(VLOOKUP(J33,J$83:J$87,1,0)>=1,J$82,0),J33)=J$64,J$68,IF(IFERROR(IF(VLOOKUP(J33,J$83:J$87,1,0)>=1,J$82,0),J33)=J$71,J$74,IF(IFERROR(IF(VLOOKUP(J33,J$83:J$87,1,0)>=1,J$82,0),J33)=J$77,J$79,0))) -> 0 | K34: =IF(IFERROR(IF(VLOOKUP(K33,K$83:K$87,1,0)>=1,K$82,0),K33)=K$64,K$68,IF(IFERROR(IF(VLOOKUP(K33,K$83:K$87,1,0)>=1,K$82,0),K33)=K$71,K$74,IF(IFERROR(IF(VLOOKUP(K33,K$83:K$87,1,0)>=1,K$82,0),K33)=K$77,K$79,0))) -> 0 | ... AB34: =IF(IFERROR(IF(VLOOKUP(AB33,AB$83:AB$87,1,0)>=1,AB$82,0),AB33)=AB$64,AB$68,IF(IFERROR(IF(VLOOKUP(AB33,AB$83:AB$87,1,0)>=1,AB$82,0),AB33)=AB$71,AB$74,IF(IFERROR(IF(VLOOKUP(AB33,AB$83:AB$87,1,0)>=1,AB$82,0),AB33)=AB$77,AB$79,0))) -> 0
A35: =+A33+1 -> 15 | B35: =+Partici!B16 -> SEA COURT 2 | C35: =SUM(D36:AB36) -> 9.7 | D35: 9 | E35: 6 | F35: 5 | G35: 11 | H35: 12 | I35: 8 | J35: 7 | K35: 5 | L35: 1 | M35: 2 | N35: 4 | O35: 7 | P35: 3 | Q35: 1 | R35: 11 | S35: 11 | T35: 7 | U35: 10 | V35: 3 | W35: 8 | X35: 14 | Y35: 2 | Z35: 4 | AC35: =SUM(D36:AB36) -> 9.7
D36: =IF(IFERROR(IF(VLOOKUP(D35,D$83:D$87,1,0)>=1,D$82,0),D35)=D$64,D$68,IF(IFERROR(IF(VLOOKUP(D35,D$83:D$87,1,0)>=1,D$82,0),D35)=D$71,D$74,IF(IFERROR(IF(VLOOKUP(D35,D$83:D$87,1,0)>=1,D$82,0),D35)=D$77,D$79,0))) -> 9.7 | E36: =IF(IFERROR(IF(VLOOKUP(E35,E$83:E$87,1,0)>=1,E$82,0),E35)=E$64,E$68,IF(IFERROR(IF(VLOOKUP(E35,E$83:E$87,1,0)>=1,E$82,0),E35)=E$71,E$74,IF(IFERROR(IF(VLOOKUP(E35,E$83:E$87,1,0)>=1,E$82,0),E35)=E$77,E$79,0))) -> 0 | F36: =IF(IFERROR(IF(VLOOKUP(F35,F$83:F$87,1,0)>=1,F$82,0),F35)=F$64,F$68,IF(IFERROR(IF(VLOOKUP(F35,F$83:F$87,1,0)>=1,F$82,0),F35)=F$71,F$74,IF(IFERROR(IF(VLOOKUP(F35,F$83:F$87,1,0)>=1,F$82,0),F35)=F$77,F$79,0))) -> 0 | G36: =IF(IFERROR(IF(VLOOKUP(G35,G$83:G$87,1,0)>=1,G$82,0),G35)=G$64,G$68,IF(IFERROR(IF(VLOOKUP(G35,G$83:G$87,1,0)>=1,G$82,0),G35)=G$71,G$74,IF(IFERROR(IF(VLOOKUP(G35,G$83:G$87,1,0)>=1,G$82,0),G35)=G$77,G$79,0))) -> 0 | H36: =IF(IFERROR(IF(VLOOKUP(H35,H$83:H$87,1,0)>=1,H$82,0),H35)=H$64,H$68,IF(IFERROR(IF(VLOOKUP(H35,H$83:H$87,1,0)>=1,H$82,0),H35)=H$71,H$74,IF(IFERROR(IF(VLOOKUP(H35,H$83:H$87,1,0)>=1,H$82,0),H35)=H$77,H$79,0))) -> 0 | I36: =IF(IFERROR(IF(VLOOKUP(I35,I$83:I$87,1,0)>=1,I$82,0),I35)=I$64,I$68,IF(IFERROR(IF(VLOOKUP(I35,I$83:I$87,1,0)>=1,I$82,0),I35)=I$71,I$74,IF(IFERROR(IF(VLOOKUP(I35,I$83:I$87,1,0)>=1,I$82,0),I35)=I$77,I$79,0))) -> 0 | J36: =IF(IFERROR(IF(VLOOKUP(J35,J$83:J$87,1,0)>=1,J$82,0),J35)=J$64,J$68,IF(IFERROR(IF(VLOOKUP(J35,J$83:J$87,1,0)>=1,J$82,0),J35)=J$71,J$74,IF(IFERROR(IF(VLOOKUP(J35,J$83:J$87,1,0)>=1,J$82,0),J35)=J$77,J$79,0))) -> 0 | K36: =IF(IFERROR(IF(VLOOKUP(K35,K$83:K$87,1,0)>=1,K$82,0),K35)=K$64,K$68,IF(IFERROR(IF(VLOOKUP(K35,K$83:K$87,1,0)>=1,K$82,0),K35)=K$71,K$74,IF(IFERROR(IF(VLOOKUP(K35,K$83:K$87,1,0)>=1,K$82,0),K35)=K$77,K$79,0))) -> 0 | ... AB36: =IF(IFERROR(IF(VLOOKUP(AB35,AB$83:AB$87,1,0)>=1,AB$82,0),AB35)=AB$64,AB$68,IF(IFERROR(IF(VLOOKUP(AB35,AB$83:AB$87,1,0)>=1,AB$82,0),AB35)=AB$71,AB$74,IF(IFERROR(IF(VLOOKUP(AB35,AB$83:AB$87,1,0)>=1,AB$82,0),AB35)=AB$77,AB$79,0))) -> 0
A37: =+A35+1 -> 16 | B37: =+Partici!B17 -> MANZOR | C37: =SUM(D38:AB38) -> 1.1 | D37: 6 | E37: 12 | F37: 2 | G37: 2 | H37: 12 | I37: 8 | J37: 5 | K37: 5 | L37: 1 | M37: 8 | N37: 2 | O37: 8 | P37: 3 | Q37: 6 | R37: 2 | S37: 3 | T37: 13 | U37: 10 | V37: 2 | W37: 3 | X37: 13 | Y37: 3 | Z37: 5 | AC37: =SUM(D38:AB38) -> 1.1
D38: =IF(IFERROR(IF(VLOOKUP(D37,D$83:D$87,1,0)>=1,D$82,0),D37)=D$64,D$68,IF(IFERROR(IF(VLOOKUP(D37,D$83:D$87,1,0)>=1,D$82,0),D37)=D$71,D$74,IF(IFERROR(IF(VLOOKUP(D37,D$83:D$87,1,0)>=1,D$82,0),D37)=D$77,D$79,0))) -> 1.1 | E38: =IF(IFERROR(IF(VLOOKUP(E37,E$83:E$87,1,0)>=1,E$82,0),E37)=E$64,E$68,IF(IFERROR(IF(VLOOKUP(E37,E$83:E$87,1,0)>=1,E$82,0),E37)=E$71,E$74,IF(IFERROR(IF(VLOOKUP(E37,E$83:E$87,1,0)>=1,E$82,0),E37)=E$77,E$79,0))) -> 0 | F38: =IF(IFERROR(IF(VLOOKUP(F37,F$83:F$87,1,0)>=1,F$82,0),F37)=F$64,F$68,IF(IFERROR(IF(VLOOKUP(F37,F$83:F$87,1,0)>=1,F$82,0),F37)=F$71,F$74,IF(IFERROR(IF(VLOOKUP(F37,F$83:F$87,1,0)>=1,F$82,0),F37)=F$77,F$79,0))) -> 0 | G38: =IF(IFERROR(IF(VLOOKUP(G37,G$83:G$87,1,0)>=1,G$82,0),G37)=G$64,G$68,IF(IFERROR(IF(VLOOKUP(G37,G$83:G$87,1,0)>=1,G$82,0),G37)=G$71,G$74,IF(IFERROR(IF(VLOOKUP(G37,G$83:G$87,1,0)>=1,G$82,0),G37)=G$77,G$79,0))) -> 0 | H38: =IF(IFERROR(IF(VLOOKUP(H37,H$83:H$87,1,0)>=1,H$82,0),H37)=H$64,H$68,IF(IFERROR(IF(VLOOKUP(H37,H$83:H$87,1,0)>=1,H$82,0),H37)=H$71,H$74,IF(IFERROR(IF(VLOOKUP(H37,H$83:H$87,1,0)>=1,H$82,0),H37)=H$77,H$79,0))) -> 0 | I38: =IF(IFERROR(IF(VLOOKUP(I37,I$83:I$87,1,0)>=1,I$82,0),I37)=I$64,I$68,IF(IFERROR(IF(VLOOKUP(I37,I$83:I$87,1,0)>=1,I$82,0),I37)=I$71,I$74,IF(IFERROR(IF(VLOOKUP(I37,I$83:I$87,1,0)>=1,I$82,0),I37)=I$77,I$79,0))) -> 0 | J38: =IF(IFERROR(IF(VLOOKUP(J37,J$83:J$87,1,0)>=1,J$82,0),J37)=J$64,J$68,IF(IFERROR(IF(VLOOKUP(J37,J$83:J$87,1,0)>=1,J$82,0),J37)=J$71,J$74,IF(IFERROR(IF(VLOOKUP(J37,J$83:J$87,1,0)>=1,J$82,0),J37)=J$77,J$79,0))) -> 0 | K38: =IF(IFERROR(IF(VLOOKUP(K37,K$83:K$87,1,0)>=1,K$82,0),K37)=K$64,K$68,IF(IFERROR(IF(VLOOKUP(K37,K$83:K$87,1,0)>=1,K$82,0),K37)=K$71,K$74,IF(IFERROR(IF(VLOOKUP(K37,K$83:K$87,1,0)>=1,K$82,0),K37)=K$77,K$79,0))) -> 0 | ... AB38: =IF(IFERROR(IF(VLOOKUP(AB37,AB$83:AB$87,1,0)>=1,AB$82,0),AB37)=AB$64,AB$68,IF(IFERROR(IF(VLOOKUP(AB37,AB$83:AB$87,1,0)>=1,AB$82,0),AB37)=AB$71,AB$74,IF(IFERROR(IF(VLOOKUP(AB37,AB$83:AB$87,1,0)>=1,AB$82,0),AB37)=AB$77,AB$79,0))) -> 0
A39: =+A37+1 -> 17 | B39: =+Partici!B18 -> ARRE DEMONIO | C39: =SUM(D40:AB40) -> 0 | D39: 1 | E39: 14 | F39: 2 | G39: 11 | H39: 7 | I39: 3 | J39: 3 | K39: 15 | L39: 1 | M39: 6 | N39: 3 | O39: 12 | P39: 9 | Q39: 7 | R39: 8 | S39: 8 | T39: 3 | U39: 8 | V39: 11 | W39: 3 | X39: 6 | Y39: 12 | Z39: 6 | AC39: =SUM(D40:AB40) -> 0
D40: =IF(IFERROR(IF(VLOOKUP(D39,D$83:D$87,1,0)>=1,D$82,0),D39)=D$64,D$68,IF(IFERROR(IF(VLOOKUP(D39,D$83:D$87,1,0)>=1,D$82,0),D39)=D$71,D$74,IF(IFERROR(IF(VLOOKUP(D39,D$83:D$87,1,0)>=1,D$82,0),D39)=D$77,D$79,0))) -> 0 | E40: =IF(IFERROR(IF(VLOOKUP(E39,E$83:E$87,1,0)>=1,E$82,0),E39)=E$64,E$68,IF(IFERROR(IF(VLOOKUP(E39,E$83:E$87,1,0)>=1,E$82,0),E39)=E$71,E$74,IF(IFERROR(IF(VLOOKUP(E39,E$83:E$87,1,0)>=1,E$82,0),E39)=E$77,E$79,0))) -> 0 | F40: =IF(IFERROR(IF(VLOOKUP(F39,F$83:F$87,1,0)>=1,F$82,0),F39)=F$64,F$68,IF(IFERROR(IF(VLOOKUP(F39,F$83:F$87,1,0)>=1,F$82,0),F39)=F$71,F$74,IF(IFERROR(IF(VLOOKUP(F39,F$83:F$87,1,0)>=1,F$82,0),F39)=F$77,F$79,0))) -> 0 | G40: =IF(IFERROR(IF(VLOOKUP(G39,G$83:G$87,1,0)>=1,G$82,0),G39)=G$64,G$68,IF(IFERROR(IF(VLOOKUP(G39,G$83:G$87,1,0)>=1,G$82,0),G39)=G$71,G$74,IF(IFERROR(IF(VLOOKUP(G39,G$83:G$87,1,0)>=1,G$82,0),G39)=G$77,G$79,0))) -> 0 | H40: =IF(IFERROR(IF(VLOOKUP(H39,H$83:H$87,1,0)>=1,H$82,0),H39)=H$64,H$68,IF(IFERROR(IF(VLOOKUP(H39,H$83:H$87,1,0)>=1,H$82,0),H39)=H$71,H$74,IF(IFERROR(IF(VLOOKUP(H39,H$83:H$87,1,0)>=1,H$82,0),H39)=H$77,H$79,0))) -> 0 | I40: =IF(IFERROR(IF(VLOOKUP(I39,I$83:I$87,1,0)>=1,I$82,0),I39)=I$64,I$68,IF(IFERROR(IF(VLOOKUP(I39,I$83:I$87,1,0)>=1,I$82,0),I39)=I$71,I$74,IF(IFERROR(IF(VLOOKUP(I39,I$83:I$87,1,0)>=1,I$82,0),I39)=I$77,I$79,0))) -> 0 | J40: =IF(IFERROR(IF(VLOOKUP(J39,J$83:J$87,1,0)>=1,J$82,0),J39)=J$64,J$68,IF(IFERROR(IF(VLOOKUP(J39,J$83:J$87,1,0)>=1,J$82,0),J39)=J$71,J$74,IF(IFERROR(IF(VLOOKUP(J39,J$83:J$87,1,0)>=1,J$82,0),J39)=J$77,J$79,0))) -> 0 | K40: =IF(IFERROR(IF(VLOOKUP(K39,K$83:K$87,1,0)>=1,K$82,0),K39)=K$64,K$68,IF(IFERROR(IF(VLOOKUP(K39,K$83:K$87,1,0)>=1,K$82,0),K39)=K$71,K$74,IF(IFERROR(IF(VLOOKUP(K39,K$83:K$87,1,0)>=1,K$82,0),K39)=K$77,K$79,0))) -> 0 | ... AB40: =IF(IFERROR(IF(VLOOKUP(AB39,AB$83:AB$87,1,0)>=1,AB$82,0),AB39)=AB$64,AB$68,IF(IFERROR(IF(VLOOKUP(AB39,AB$83:AB$87,1,0)>=1,AB$82,0),AB39)=AB$71,AB$74,IF(IFERROR(IF(VLOOKUP(AB39,AB$83:AB$87,1,0)>=1,AB$82,0),AB39)=AB$77,AB$79,0))) -> 0
A41: =+A39+1 -> 18 | B41: =+Partici!B19 -> SOSAMAFIA | C41: =SUM(D42:AB42) -> 0 | D41: 14 | E41: 1 | F41: 11 | G41: 2 | H41: 5 | I41: 6 | J41: 5 | K41: 13 | L41: 5 | M41: 15 | N41: 2 | O41: 14 | P41: 5 | Q41: 3 | R41: 10 | S41: 4 | T41: 7 | U41: 8 | V41: 2 | W41: 3 | X41: 8 | Y41: 15 | Z41: 6 | AC41: =SUM(D42:AB42) -> 0
D42: =IF(IFERROR(IF(VLOOKUP(D41,D$83:D$87,1,0)>=1,D$82,0),D41)=D$64,D$68,IF(IFERROR(IF(VLOOKUP(D41,D$83:D$87,1,0)>=1,D$82,0),D41)=D$71,D$74,IF(IFERROR(IF(VLOOKUP(D41,D$83:D$87,1,0)>=1,D$82,0),D41)=D$77,D$79,0))) -> 0 | E42: =IF(IFERROR(IF(VLOOKUP(E41,E$83:E$87,1,0)>=1,E$82,0),E41)=E$64,E$68,IF(IFERROR(IF(VLOOKUP(E41,E$83:E$87,1,0)>=1,E$82,0),E41)=E$71,E$74,IF(IFERROR(IF(VLOOKUP(E41,E$83:E$87,1,0)>=1,E$82,0),E41)=E$77,E$79,0))) -> 0 | F42: =IF(IFERROR(IF(VLOOKUP(F41,F$83:F$87,1,0)>=1,F$82,0),F41)=F$64,F$68,IF(IFERROR(IF(VLOOKUP(F41,F$83:F$87,1,0)>=1,F$82,0),F41)=F$71,F$74,IF(IFERROR(IF(VLOOKUP(F41,F$83:F$87,1,0)>=1,F$82,0),F41)=F$77,F$79,0))) -> 0 | G42: =IF(IFERROR(IF(VLOOKUP(G41,G$83:G$87,1,0)>=1,G$82,0),G41)=G$64,G$68,IF(IFERROR(IF(VLOOKUP(G41,G$83:G$87,1,0)>=1,G$82,0),G41)=G$71,G$74,IF(IFERROR(IF(VLOOKUP(G41,G$83:G$87,1,0)>=1,G$82,0),G41)=G$77,G$79,0))) -> 0 | H42: =IF(IFERROR(IF(VLOOKUP(H41,H$83:H$87,1,0)>=1,H$82,0),H41)=H$64,H$68,IF(IFERROR(IF(VLOOKUP(H41,H$83:H$87,1,0)>=1,H$82,0),H41)=H$71,H$74,IF(IFERROR(IF(VLOOKUP(H41,H$83:H$87,1,0)>=1,H$82,0),H41)=H$77,H$79,0))) -> 0 | I42: =IF(IFERROR(IF(VLOOKUP(I41,I$83:I$87,1,0)>=1,I$82,0),I41)=I$64,I$68,IF(IFERROR(IF(VLOOKUP(I41,I$83:I$87,1,0)>=1,I$82,0),I41)=I$71,I$74,IF(IFERROR(IF(VLOOKUP(I41,I$83:I$87,1,0)>=1,I$82,0),I41)=I$77,I$79,0))) -> 0 | J42: =IF(IFERROR(IF(VLOOKUP(J41,J$83:J$87,1,0)>=1,J$82,0),J41)=J$64,J$68,IF(IFERROR(IF(VLOOKUP(J41,J$83:J$87,1,0)>=1,J$82,0),J41)=J$71,J$74,IF(IFERROR(IF(VLOOKUP(J41,J$83:J$87,1,0)>=1,J$82,0),J41)=J$77,J$79,0))) -> 0 | K42: =IF(IFERROR(IF(VLOOKUP(K41,K$83:K$87,1,0)>=1,K$82,0),K41)=K$64,K$68,IF(IFERROR(IF(VLOOKUP(K41,K$83:K$87,1,0)>=1,K$82,0),K41)=K$71,K$74,IF(IFERROR(IF(VLOOKUP(K41,K$83:K$87,1,0)>=1,K$82,0),K41)=K$77,K$79,0))) -> 0 | ... AB42: =IF(IFERROR(IF(VLOOKUP(AB41,AB$83:AB$87,1,0)>=1,AB$82,0),AB41)=AB$64,AB$68,IF(IFERROR(IF(VLOOKUP(AB41,AB$83:AB$87,1,0)>=1,AB$82,0),AB41)=AB$71,AB$74,IF(IFERROR(IF(VLOOKUP(AB41,AB$83:AB$87,1,0)>=1,AB$82,0),AB41)=AB$77,AB$79,0))) -> 0
A43: =+A41+1 -> 19 | B43: =+Partici!B20 -> MIS SOBRINOS | C43: =SUM(D44:AB44) -> 3.9 | D43: 12 | E43: 1 | F43: 5 | G43: 2 | H43: 13 | I43: 4 | J43: 4 | K43: 9 | L43: 4 | M43: 9 | N43: 2 | O43: 6 | P43: 8 | Q43: 3 | R43: 6 | S43: 1 | T43: 11 | U43: 9 | V43: 5 | W43: 11 | X43: 11 | Y43: 7 | Z43: 3 | AC43: =SUM(D44:AB44) -> 3.9
D44: =IF(IFERROR(IF(VLOOKUP(D43,D$83:D$87,1,0)>=1,D$82,0),D43)=D$64,D$68,IF(IFERROR(IF(VLOOKUP(D43,D$83:D$87,1,0)>=1,D$82,0),D43)=D$71,D$74,IF(IFERROR(IF(VLOOKUP(D43,D$83:D$87,1,0)>=1,D$82,0),D43)=D$77,D$79,0))) -> 3.9 | E44: =IF(IFERROR(IF(VLOOKUP(E43,E$83:E$87,1,0)>=1,E$82,0),E43)=E$64,E$68,IF(IFERROR(IF(VLOOKUP(E43,E$83:E$87,1,0)>=1,E$82,0),E43)=E$71,E$74,IF(IFERROR(IF(VLOOKUP(E43,E$83:E$87,1,0)>=1,E$82,0),E43)=E$77,E$79,0))) -> 0 | F44: =IF(IFERROR(IF(VLOOKUP(F43,F$83:F$87,1,0)>=1,F$82,0),F43)=F$64,F$68,IF(IFERROR(IF(VLOOKUP(F43,F$83:F$87,1,0)>=1,F$82,0),F43)=F$71,F$74,IF(IFERROR(IF(VLOOKUP(F43,F$83:F$87,1,0)>=1,F$82,0),F43)=F$77,F$79,0))) -> 0 | G44: =IF(IFERROR(IF(VLOOKUP(G43,G$83:G$87,1,0)>=1,G$82,0),G43)=G$64,G$68,IF(IFERROR(IF(VLOOKUP(G43,G$83:G$87,1,0)>=1,G$82,0),G43)=G$71,G$74,IF(IFERROR(IF(VLOOKUP(G43,G$83:G$87,1,0)>=1,G$82,0),G43)=G$77,G$79,0))) -> 0 | H44: =IF(IFERROR(IF(VLOOKUP(H43,H$83:H$87,1,0)>=1,H$82,0),H43)=H$64,H$68,IF(IFERROR(IF(VLOOKUP(H43,H$83:H$87,1,0)>=1,H$82,0),H43)=H$71,H$74,IF(IFERROR(IF(VLOOKUP(H43,H$83:H$87,1,0)>=1,H$82,0),H43)=H$77,H$79,0))) -> 0 | I44: =IF(IFERROR(IF(VLOOKUP(I43,I$83:I$87,1,0)>=1,I$82,0),I43)=I$64,I$68,IF(IFERROR(IF(VLOOKUP(I43,I$83:I$87,1,0)>=1,I$82,0),I43)=I$71,I$74,IF(IFERROR(IF(VLOOKUP(I43,I$83:I$87,1,0)>=1,I$82,0),I43)=I$77,I$79,0))) -> 0 | J44: =IF(IFERROR(IF(VLOOKUP(J43,J$83:J$87,1,0)>=1,J$82,0),J43)=J$64,J$68,IF(IFERROR(IF(VLOOKUP(J43,J$83:J$87,1,0)>=1,J$82,0),J43)=J$71,J$74,IF(IFERROR(IF(VLOOKUP(J43,J$83:J$87,1,0)>=1,J$82,0),J43)=J$77,J$79,0))) -> 0 | K44: =IF(IFERROR(IF(VLOOKUP(K43,K$83:K$87,1,0)>=1,K$82,0),K43)=K$64,K$68,IF(IFERROR(IF(VLOOKUP(K43,K$83:K$87,1,0)>=1,K$82,0),K43)=K$71,K$74,IF(IFERROR(IF(VLOOKUP(K43,K$83:K$87,1,0)>=1,K$82,0),K43)=K$77,K$79,0))) -> 0 | ... AB44: =IF(IFERROR(IF(VLOOKUP(AB43,AB$83:AB$87,1,0)>=1,AB$82,0),AB43)=AB$64,AB$68,IF(IFERROR(IF(VLOOKUP(AB43,AB$83:AB$87,1,0)>=1,AB$82,0),AB43)=AB$71,AB$74,IF(IFERROR(IF(VLOOKUP(AB43,AB$83:AB$87,1,0)>=1,AB$82,0),AB43)=AB$77,AB$79,0))) -> 0
A45: =+A43+1 -> 20 | B45: =+Partici!B21 -> SANVI | C45: =SUM(D46:AB46) -> 1.1 | D45: 6 | E45: 12 | F45: 5 | G45: 11 | H45: 9 | I45: 6 | J45: 5 | K45: 8 | L45: 9 | M45: 2 | N45: 2 | O45: 7 | P45: 11 | Q45: 4 | R45: 6 | S45: 8 | T45: 7 | U45: 10 | V45: 4 | W45: 13 | X45: 14 | Y45: 14 | Z45: 4 | AC45: =SUM(D46:AB46) -> 1.1
D46: =IF(IFERROR(IF(VLOOKUP(D45,D$83:D$87,1,0)>=1,D$82,0),D45)=D$64,D$68,IF(IFERROR(IF(VLOOKUP(D45,D$83:D$87,1,0)>=1,D$82,0),D45)=D$71,D$74,IF(IFERROR(IF(VLOOKUP(D45,D$83:D$87,1,0)>=1,D$82,0),D45)=D$77,D$79,0))) -> 1.1 | E46: =IF(IFERROR(IF(VLOOKUP(E45,E$83:E$87,1,0)>=1,E$82,0),E45)=E$64,E$68,IF(IFERROR(IF(VLOOKUP(E45,E$83:E$87,1,0)>=1,E$82,0),E45)=E$71,E$74,IF(IFERROR(IF(VLOOKUP(E45,E$83:E$87,1,0)>=1,E$82,0),E45)=E$77,E$79,0))) -> 0 | F46: =IF(IFERROR(IF(VLOOKUP(F45,F$83:F$87,1,0)>=1,F$82,0),F45)=F$64,F$68,IF(IFERROR(IF(VLOOKUP(F45,F$83:F$87,1,0)>=1,F$82,0),F45)=F$71,F$74,IF(IFERROR(IF(VLOOKUP(F45,F$83:F$87,1,0)>=1,F$82,0),F45)=F$77,F$79,0))) -> 0 | G46: =IF(IFERROR(IF(VLOOKUP(G45,G$83:G$87,1,0)>=1,G$82,0),G45)=G$64,G$68,IF(IFERROR(IF(VLOOKUP(G45,G$83:G$87,1,0)>=1,G$82,0),G45)=G$71,G$74,IF(IFERROR(IF(VLOOKUP(G45,G$83:G$87,1,0)>=1,G$82,0),G45)=G$77,G$79,0))) -> 0 | H46: =IF(IFERROR(IF(VLOOKUP(H45,H$83:H$87,1,0)>=1,H$82,0),H45)=H$64,H$68,IF(IFERROR(IF(VLOOKUP(H45,H$83:H$87,1,0)>=1,H$82,0),H45)=H$71,H$74,IF(IFERROR(IF(VLOOKUP(H45,H$83:H$87,1,0)>=1,H$82,0),H45)=H$77,H$79,0))) -> 0 | I46: =IF(IFERROR(IF(VLOOKUP(I45,I$83:I$87,1,0)>=1,I$82,0),I45)=I$64,I$68,IF(IFERROR(IF(VLOOKUP(I45,I$83:I$87,1,0)>=1,I$82,0),I45)=I$71,I$74,IF(IFERROR(IF(VLOOKUP(I45,I$83:I$87,1,0)>=1,I$82,0),I45)=I$77,I$79,0))) -> 0 | J46: =IF(IFERROR(IF(VLOOKUP(J45,J$83:J$87,1,0)>=1,J$82,0),J45)=J$64,J$68,IF(IFERROR(IF(VLOOKUP(J45,J$83:J$87,1,0)>=1,J$82,0),J45)=J$71,J$74,IF(IFERROR(IF(VLOOKUP(J45,J$83:J$87,1,0)>=1,J$82,0),J45)=J$77,J$79,0))) -> 0 | K46: =IF(IFERROR(IF(VLOOKUP(K45,K$83:K$87,1,0)>=1,K$82,0),K45)=K$64,K$68,IF(IFERROR(IF(VLOOKUP(K45,K$83:K$87,1,0)>=1,K$82,0),K45)=K$71,K$74,IF(IFERROR(IF(VLOOKUP(K45,K$83:K$87,1,0)>=1,K$82,0),K45)=K$77,K$79,0))) -> 0 | ... AB46: =IF(IFERROR(IF(VLOOKUP(AB45,AB$83:AB$87,1,0)>=1,AB$82,0),AB45)=AB$64,AB$68,IF(IFERROR(IF(VLOOKUP(AB45,AB$83:AB$87,1,0)>=1,AB$82,0),AB45)=AB$71,AB$74,IF(IFERROR(IF(VLOOKUP(AB45,AB$83:AB$87,1,0)>=1,AB$82,0),AB45)=AB$77,AB$79,0))) -> 0
A47: =+A45+1 -> 21 | B47: =+Partici!B22 -> SIN FE | C47: =SUM(D48:AB48) -> 0 | D47: 5 | E47: 12 | F47: 11 | G47: 2 | H47: 13 | I47: 7 | J47: 2 | K47: 7 | L47: 9 | M47: 2 | N47: 2 | O47: 5 | P47: 9 | Q47: 1 | R47: 2 | S47: 9 | T47: 13 | U47: 10 | V47: 2 | W47: 8 | X47: 9 | Y47: 7 | Z47: 3 | AC47: =SUM(D48:AB48) -> 0
D48: =IF(IFERROR(IF(VLOOKUP(D47,D$83:D$87,1,0)>=1,D$82,0),D47)=D$64,D$68,IF(IFERROR(IF(VLOOKUP(D47,D$83:D$87,1,0)>=1,D$82,0),D47)=D$71,D$74,IF(IFERROR(IF(VLOOKUP(D47,D$83:D$87,1,0)>=1,D$82,0),D47)=D$77,D$79,0))) -> 0 | E48: =IF(IFERROR(IF(VLOOKUP(E47,E$83:E$87,1,0)>=1,E$82,0),E47)=E$64,E$68,IF(IFERROR(IF(VLOOKUP(E47,E$83:E$87,1,0)>=1,E$82,0),E47)=E$71,E$74,IF(IFERROR(IF(VLOOKUP(E47,E$83:E$87,1,0)>=1,E$82,0),E47)=E$77,E$79,0))) -> 0 | F48: =IF(IFERROR(IF(VLOOKUP(F47,F$83:F$87,1,0)>=1,F$82,0),F47)=F$64,F$68,IF(IFERROR(IF(VLOOKUP(F47,F$83:F$87,1,0)>=1,F$82,0),F47)=F$71,F$74,IF(IFERROR(IF(VLOOKUP(F47,F$83:F$87,1,0)>=1,F$82,0),F47)=F$77,F$79,0))) -> 0 | G48: =IF(IFERROR(IF(VLOOKUP(G47,G$83:G$87,1,0)>=1,G$82,0),G47)=G$64,G$68,IF(IFERROR(IF(VLOOKUP(G47,G$83:G$87,1,0)>=1,G$82,0),G47)=G$71,G$74,IF(IFERROR(IF(VLOOKUP(G47,G$83:G$87,1,0)>=1,G$82,0),G47)=G$77,G$79,0))) -> 0 | H48: =IF(IFERROR(IF(VLOOKUP(H47,H$83:H$87,1,0)>=1,H$82,0),H47)=H$64,H$68,IF(IFERROR(IF(VLOOKUP(H47,H$83:H$87,1,0)>=1,H$82,0),H47)=H$71,H$74,IF(IFERROR(IF(VLOOKUP(H47,H$83:H$87,1,0)>=1,H$82,0),H47)=H$77,H$79,0))) -> 0 | I48: =IF(IFERROR(IF(VLOOKUP(I47,I$83:I$87,1,0)>=1,I$82,0),I47)=I$64,I$68,IF(IFERROR(IF(VLOOKUP(I47,I$83:I$87,1,0)>=1,I$82,0),I47)=I$71,I$74,IF(IFERROR(IF(VLOOKUP(I47,I$83:I$87,1,0)>=1,I$82,0),I47)=I$77,I$79,0))) -> 0 | J48: =IF(IFERROR(IF(VLOOKUP(J47,J$83:J$87,1,0)>=1,J$82,0),J47)=J$64,J$68,IF(IFERROR(IF(VLOOKUP(J47,J$83:J$87,1,0)>=1,J$82,0),J47)=J$71,J$74,IF(IFERROR(IF(VLOOKUP(J47,J$83:J$87,1,0)>=1,J$82,0),J47)=J$77,J$79,0))) -> 0 | K48: =IF(IFERROR(IF(VLOOKUP(K47,K$83:K$87,1,0)>=1,K$82,0),K47)=K$64,K$68,IF(IFERROR(IF(VLOOKUP(K47,K$83:K$87,1,0)>=1,K$82,0),K47)=K$71,K$74,IF(IFERROR(IF(VLOOKUP(K47,K$83:K$87,1,0)>=1,K$82,0),K47)=K$77,K$79,0))) -> 0 | ... AB48: =IF(IFERROR(IF(VLOOKUP(AB47,AB$83:AB$87,1,0)>=1,AB$82,0),AB47)=AB$64,AB$68,IF(IFERROR(IF(VLOOKUP(AB47,AB$83:AB$87,1,0)>=1,AB$82,0),AB47)=AB$71,AB$74,IF(IFERROR(IF(VLOOKUP(AB47,AB$83:AB$87,1,0)>=1,AB$82,0),AB47)=AB$77,AB$79,0))) -> 0
A49: =+A47+1 -> 22 | B49: =+Partici!B23 -> SIN FE-IA | C49: =SUM(D50:AB50) -> 3.9 | D49: 12 | E49: 1 | F49: 5 | G49: 1 | H49: 11 | I49: 10 | J49: 5 | K49: 12 | L49: 3 | M49: 13 | N49: 4 | O49: 10 | P49: 4 | Q49: 7 | R49: 11 | S49: 4 | T49: 11 | U49: 4 | V49: 7 | W49: 1 | X49: 11 | Y49: 3 | Z49: 4 | AC49: =SUM(D50:AB50) -> 3.9
D50: =IF(IFERROR(IF(VLOOKUP(D49,D$83:D$87,1,0)>=1,D$82,0),D49)=D$64,D$68,IF(IFERROR(IF(VLOOKUP(D49,D$83:D$87,1,0)>=1,D$82,0),D49)=D$71,D$74,IF(IFERROR(IF(VLOOKUP(D49,D$83:D$87,1,0)>=1,D$82,0),D49)=D$77,D$79,0))) -> 3.9 | E50: =IF(IFERROR(IF(VLOOKUP(E49,E$83:E$87,1,0)>=1,E$82,0),E49)=E$64,E$68,IF(IFERROR(IF(VLOOKUP(E49,E$83:E$87,1,0)>=1,E$82,0),E49)=E$71,E$74,IF(IFERROR(IF(VLOOKUP(E49,E$83:E$87,1,0)>=1,E$82,0),E49)=E$77,E$79,0))) -> 0 | F50: =IF(IFERROR(IF(VLOOKUP(F49,F$83:F$87,1,0)>=1,F$82,0),F49)=F$64,F$68,IF(IFERROR(IF(VLOOKUP(F49,F$83:F$87,1,0)>=1,F$82,0),F49)=F$71,F$74,IF(IFERROR(IF(VLOOKUP(F49,F$83:F$87,1,0)>=1,F$82,0),F49)=F$77,F$79,0))) -> 0 | G50: =IF(IFERROR(IF(VLOOKUP(G49,G$83:G$87,1,0)>=1,G$82,0),G49)=G$64,G$68,IF(IFERROR(IF(VLOOKUP(G49,G$83:G$87,1,0)>=1,G$82,0),G49)=G$71,G$74,IF(IFERROR(IF(VLOOKUP(G49,G$83:G$87,1,0)>=1,G$82,0),G49)=G$77,G$79,0))) -> 0 | H50: =IF(IFERROR(IF(VLOOKUP(H49,H$83:H$87,1,0)>=1,H$82,0),H49)=H$64,H$68,IF(IFERROR(IF(VLOOKUP(H49,H$83:H$87,1,0)>=1,H$82,0),H49)=H$71,H$74,IF(IFERROR(IF(VLOOKUP(H49,H$83:H$87,1,0)>=1,H$82,0),H49)=H$77,H$79,0))) -> 0 | I50: =IF(IFERROR(IF(VLOOKUP(I49,I$83:I$87,1,0)>=1,I$82,0),I49)=I$64,I$68,IF(IFERROR(IF(VLOOKUP(I49,I$83:I$87,1,0)>=1,I$82,0),I49)=I$71,I$74,IF(IFERROR(IF(VLOOKUP(I49,I$83:I$87,1,0)>=1,I$82,0),I49)=I$77,I$79,0))) -> 0 | J50: =IF(IFERROR(IF(VLOOKUP(J49,J$83:J$87,1,0)>=1,J$82,0),J49)=J$64,J$68,IF(IFERROR(IF(VLOOKUP(J49,J$83:J$87,1,0)>=1,J$82,0),J49)=J$71,J$74,IF(IFERROR(IF(VLOOKUP(J49,J$83:J$87,1,0)>=1,J$82,0),J49)=J$77,J$79,0))) -> 0 | K50: =IF(IFERROR(IF(VLOOKUP(K49,K$83:K$87,1,0)>=1,K$82,0),K49)=K$64,K$68,IF(IFERROR(IF(VLOOKUP(K49,K$83:K$87,1,0)>=1,K$82,0),K49)=K$71,K$74,IF(IFERROR(IF(VLOOKUP(K49,K$83:K$87,1,0)>=1,K$82,0),K49)=K$77,K$79,0))) -> 0 | ... AB50: =IF(IFERROR(IF(VLOOKUP(AB49,AB$83:AB$87,1,0)>=1,AB$82,0),AB49)=AB$64,AB$68,IF(IFERROR(IF(VLOOKUP(AB49,AB$83:AB$87,1,0)>=1,AB$82,0),AB49)=AB$71,AB$74,IF(IFERROR(IF(VLOOKUP(AB49,AB$83:AB$87,1,0)>=1,AB$82,0),AB49)=AB$77,AB$79,0))) -> 0
A51: =+A49+1 -> 23 | B51: =+Partici!B24 -> NANO | C51: =SUM(D52:AB52) -> 0 | D51: 5 | E51: 3 | F51: 5 | G51: 4 | H51: 14 | I51: 1 | J51: 7 | K51: 5 | L51: 2 | M51: 6 | N51: 2 | O51: 7 | P51: 9 | Q51: 7 | R51: 2 | S51: 4 | T51: 13 | U51: 4 | V51: 3 | W51: 3 | X51: 14 | Y51: 2 | Z51: 11 | AC51: =SUM(D52:AB52) -> 0
D52: =IF(IFERROR(IF(VLOOKUP(D51,D$83:D$87,1,0)>=1,D$82,0),D51)=D$64,D$68,IF(IFERROR(IF(VLOOKUP(D51,D$83:D$87,1,0)>=1,D$82,0),D51)=D$71,D$74,IF(IFERROR(IF(VLOOKUP(D51,D$83:D$87,1,0)>=1,D$82,0),D51)=D$77,D$79,0))) -> 0 | E52: =IF(IFERROR(IF(VLOOKUP(E51,E$83:E$87,1,0)>=1,E$82,0),E51)=E$64,E$68,IF(IFERROR(IF(VLOOKUP(E51,E$83:E$87,1,0)>=1,E$82,0),E51)=E$71,E$74,IF(IFERROR(IF(VLOOKUP(E51,E$83:E$87,1,0)>=1,E$82,0),E51)=E$77,E$79,0))) -> 0 | F52: =IF(IFERROR(IF(VLOOKUP(F51,F$83:F$87,1,0)>=1,F$82,0),F51)=F$64,F$68,IF(IFERROR(IF(VLOOKUP(F51,F$83:F$87,1,0)>=1,F$82,0),F51)=F$71,F$74,IF(IFERROR(IF(VLOOKUP(F51,F$83:F$87,1,0)>=1,F$82,0),F51)=F$77,F$79,0))) -> 0 | G52: =IF(IFERROR(IF(VLOOKUP(G51,G$83:G$87,1,0)>=1,G$82,0),G51)=G$64,G$68,IF(IFERROR(IF(VLOOKUP(G51,G$83:G$87,1,0)>=1,G$82,0),G51)=G$71,G$74,IF(IFERROR(IF(VLOOKUP(G51,G$83:G$87,1,0)>=1,G$82,0),G51)=G$77,G$79,0))) -> 0 | H52: =IF(IFERROR(IF(VLOOKUP(H51,H$83:H$87,1,0)>=1,H$82,0),H51)=H$64,H$68,IF(IFERROR(IF(VLOOKUP(H51,H$83:H$87,1,0)>=1,H$82,0),H51)=H$71,H$74,IF(IFERROR(IF(VLOOKUP(H51,H$83:H$87,1,0)>=1,H$82,0),H51)=H$77,H$79,0))) -> 0 | I52: =IF(IFERROR(IF(VLOOKUP(I51,I$83:I$87,1,0)>=1,I$82,0),I51)=I$64,I$68,IF(IFERROR(IF(VLOOKUP(I51,I$83:I$87,1,0)>=1,I$82,0),I51)=I$71,I$74,IF(IFERROR(IF(VLOOKUP(I51,I$83:I$87,1,0)>=1,I$82,0),I51)=I$77,I$79,0))) -> 0 | J52: =IF(IFERROR(IF(VLOOKUP(J51,J$83:J$87,1,0)>=1,J$82,0),J51)=J$64,J$68,IF(IFERROR(IF(VLOOKUP(J51,J$83:J$87,1,0)>=1,J$82,0),J51)=J$71,J$74,IF(IFERROR(IF(VLOOKUP(J51,J$83:J$87,1,0)>=1,J$82,0),J51)=J$77,J$79,0))) -> 0 | K52: =IF(IFERROR(IF(VLOOKUP(K51,K$83:K$87,1,0)>=1,K$82,0),K51)=K$64,K$68,IF(IFERROR(IF(VLOOKUP(K51,K$83:K$87,1,0)>=1,K$82,0),K51)=K$71,K$74,IF(IFERROR(IF(VLOOKUP(K51,K$83:K$87,1,0)>=1,K$82,0),K51)=K$77,K$79,0))) -> 0 | ... AB52: =IF(IFERROR(IF(VLOOKUP(AB51,AB$83:AB$87,1,0)>=1,AB$82,0),AB51)=AB$64,AB$68,IF(IFERROR(IF(VLOOKUP(AB51,AB$83:AB$87,1,0)>=1,AB$82,0),AB51)=AB$71,AB$74,IF(IFERROR(IF(VLOOKUP(AB51,AB$83:AB$87,1,0)>=1,AB$82,0),AB51)=AB$77,AB$79,0))) -> 0
A53: =+A51+1 -> 24 | B53: =+Partici!B25 -> PINKY | C53: =SUM(D54:AB54) -> 9.7 | D53: 9 | E53: 6 | F53: 3 | G53: 5 | H53: 12 | I53: 4 | J53: 4 | K53: 4 | L53: 3 | M53: 9 | N53: 2 | O53: 14 | P53: 3 | Q53: 7 | R53: 7 | S53: 8 | T53: 8 | U53: 8 | V53: 7 | W53: 8 | X53: 13 | Y53: 12 | Z53: 14 | AC53: =SUM(D54:AB54) -> 9.7
D54: =IF(IFERROR(IF(VLOOKUP(D53,D$83:D$87,1,0)>=1,D$82,0),D53)=D$64,D$68,IF(IFERROR(IF(VLOOKUP(D53,D$83:D$87,1,0)>=1,D$82,0),D53)=D$71,D$74,IF(IFERROR(IF(VLOOKUP(D53,D$83:D$87,1,0)>=1,D$82,0),D53)=D$77,D$79,0))) -> 9.7 | E54: =IF(IFERROR(IF(VLOOKUP(E53,E$83:E$87,1,0)>=1,E$82,0),E53)=E$64,E$68,IF(IFERROR(IF(VLOOKUP(E53,E$83:E$87,1,0)>=1,E$82,0),E53)=E$71,E$74,IF(IFERROR(IF(VLOOKUP(E53,E$83:E$87,1,0)>=1,E$82,0),E53)=E$77,E$79,0))) -> 0 | F54: =IF(IFERROR(IF(VLOOKUP(F53,F$83:F$87,1,0)>=1,F$82,0),F53)=F$64,F$68,IF(IFERROR(IF(VLOOKUP(F53,F$83:F$87,1,0)>=1,F$82,0),F53)=F$71,F$74,IF(IFERROR(IF(VLOOKUP(F53,F$83:F$87,1,0)>=1,F$82,0),F53)=F$77,F$79,0))) -> 0 | G54: =IF(IFERROR(IF(VLOOKUP(G53,G$83:G$87,1,0)>=1,G$82,0),G53)=G$64,G$68,IF(IFERROR(IF(VLOOKUP(G53,G$83:G$87,1,0)>=1,G$82,0),G53)=G$71,G$74,IF(IFERROR(IF(VLOOKUP(G53,G$83:G$87,1,0)>=1,G$82,0),G53)=G$77,G$79,0))) -> 0 | H54: =IF(IFERROR(IF(VLOOKUP(H53,H$83:H$87,1,0)>=1,H$82,0),H53)=H$64,H$68,IF(IFERROR(IF(VLOOKUP(H53,H$83:H$87,1,0)>=1,H$82,0),H53)=H$71,H$74,IF(IFERROR(IF(VLOOKUP(H53,H$83:H$87,1,0)>=1,H$82,0),H53)=H$77,H$79,0))) -> 0 | I54: =IF(IFERROR(IF(VLOOKUP(I53,I$83:I$87,1,0)>=1,I$82,0),I53)=I$64,I$68,IF(IFERROR(IF(VLOOKUP(I53,I$83:I$87,1,0)>=1,I$82,0),I53)=I$71,I$74,IF(IFERROR(IF(VLOOKUP(I53,I$83:I$87,1,0)>=1,I$82,0),I53)=I$77,I$79,0))) -> 0 | J54: =IF(IFERROR(IF(VLOOKUP(J53,J$83:J$87,1,0)>=1,J$82,0),J53)=J$64,J$68,IF(IFERROR(IF(VLOOKUP(J53,J$83:J$87,1,0)>=1,J$82,0),J53)=J$71,J$74,IF(IFERROR(IF(VLOOKUP(J53,J$83:J$87,1,0)>=1,J$82,0),J53)=J$77,J$79,0))) -> 0 | K54: =IF(IFERROR(IF(VLOOKUP(K53,K$83:K$87,1,0)>=1,K$82,0),K53)=K$64,K$68,IF(IFERROR(IF(VLOOKUP(K53,K$83:K$87,1,0)>=1,K$82,0),K53)=K$71,K$74,IF(IFERROR(IF(VLOOKUP(K53,K$83:K$87,1,0)>=1,K$82,0),K53)=K$77,K$79,0))) -> 0 | ... AB54: =IF(IFERROR(IF(VLOOKUP(AB53,AB$83:AB$87,1,0)>=1,AB$82,0),AB53)=AB$64,AB$68,IF(IFERROR(IF(VLOOKUP(AB53,AB$83:AB$87,1,0)>=1,AB$82,0),AB53)=AB$71,AB$74,IF(IFERROR(IF(VLOOKUP(AB53,AB$83:AB$87,1,0)>=1,AB$82,0),AB53)=AB$77,AB$79,0))) -> 0
A55: =+A53+1 -> 25 | B55: =+Partici!B26 -> ROMATRI | C55: =SUM(D56:AB56) -> 3.9 | D55: 12 | E55: 10 | F55: 6 | G55: 9 | H55: 5 | I55: 12 | J55: 4 | K55: 10 | L55: 6 | M55: 1 | N55: 3 | O55: 11 | P55: 11 | Q55: 6 | R55: 7 | S55: 7 | T55: 5 | U55: 13 | V55: 5 | W55: 1 | X55: 4 | Y55: 5 | Z55: 11 | AC55: =SUM(D56:AB56) -> 3.9
D56: =IF(IFERROR(IF(VLOOKUP(D55,D$83:D$87,1,0)>=1,D$82,0),D55)=D$64,D$68,IF(IFERROR(IF(VLOOKUP(D55,D$83:D$87,1,0)>=1,D$82,0),D55)=D$71,D$74,IF(IFERROR(IF(VLOOKUP(D55,D$83:D$87,1,0)>=1,D$82,0),D55)=D$77,D$79,0))) -> 3.9 | E56: =IF(IFERROR(IF(VLOOKUP(E55,E$83:E$87,1,0)>=1,E$82,0),E55)=E$64,E$68,IF(IFERROR(IF(VLOOKUP(E55,E$83:E$87,1,0)>=1,E$82,0),E55)=E$71,E$74,IF(IFERROR(IF(VLOOKUP(E55,E$83:E$87,1,0)>=1,E$82,0),E55)=E$77,E$79,0))) -> 0 | F56: =IF(IFERROR(IF(VLOOKUP(F55,F$83:F$87,1,0)>=1,F$82,0),F55)=F$64,F$68,IF(IFERROR(IF(VLOOKUP(F55,F$83:F$87,1,0)>=1,F$82,0),F55)=F$71,F$74,IF(IFERROR(IF(VLOOKUP(F55,F$83:F$87,1,0)>=1,F$82,0),F55)=F$77,F$79,0))) -> 0 | G56: =IF(IFERROR(IF(VLOOKUP(G55,G$83:G$87,1,0)>=1,G$82,0),G55)=G$64,G$68,IF(IFERROR(IF(VLOOKUP(G55,G$83:G$87,1,0)>=1,G$82,0),G55)=G$71,G$74,IF(IFERROR(IF(VLOOKUP(G55,G$83:G$87,1,0)>=1,G$82,0),G55)=G$77,G$79,0))) -> 0 | H56: =IF(IFERROR(IF(VLOOKUP(H55,H$83:H$87,1,0)>=1,H$82,0),H55)=H$64,H$68,IF(IFERROR(IF(VLOOKUP(H55,H$83:H$87,1,0)>=1,H$82,0),H55)=H$71,H$74,IF(IFERROR(IF(VLOOKUP(H55,H$83:H$87,1,0)>=1,H$82,0),H55)=H$77,H$79,0))) -> 0 | I56: =IF(IFERROR(IF(VLOOKUP(I55,I$83:I$87,1,0)>=1,I$82,0),I55)=I$64,I$68,IF(IFERROR(IF(VLOOKUP(I55,I$83:I$87,1,0)>=1,I$82,0),I55)=I$71,I$74,IF(IFERROR(IF(VLOOKUP(I55,I$83:I$87,1,0)>=1,I$82,0),I55)=I$77,I$79,0))) -> 0 | J56: =IF(IFERROR(IF(VLOOKUP(J55,J$83:J$87,1,0)>=1,J$82,0),J55)=J$64,J$68,IF(IFERROR(IF(VLOOKUP(J55,J$83:J$87,1,0)>=1,J$82,0),J55)=J$71,J$74,IF(IFERROR(IF(VLOOKUP(J55,J$83:J$87,1,0)>=1,J$82,0),J55)=J$77,J$79,0))) -> 0 | K56: =IF(IFERROR(IF(VLOOKUP(K55,K$83:K$87,1,0)>=1,K$82,0),K55)=K$64,K$68,IF(IFERROR(IF(VLOOKUP(K55,K$83:K$87,1,0)>=1,K$82,0),K55)=K$71,K$74,IF(IFERROR(IF(VLOOKUP(K55,K$83:K$87,1,0)>=1,K$82,0),K55)=K$77,K$79,0))) -> 0 | ... AB56: =IF(IFERROR(IF(VLOOKUP(AB55,AB$83:AB$87,1,0)>=1,AB$82,0),AB55)=AB$64,AB$68,IF(IFERROR(IF(VLOOKUP(AB55,AB$83:AB$87,1,0)>=1,AB$82,0),AB55)=AB$71,AB$74,IF(IFERROR(IF(VLOOKUP(AB55,AB$83:AB$87,1,0)>=1,AB$82,0),AB55)=AB$77,AB$79,0))) -> 0
A57: =+A55+1 -> 26 | B57: =+Partici!B27 -> PASASTE BANDIDO | C57: =SUM(D58:AB58) -> 0 | D57: 10 | E57: 1 | F57: 5 | G57: 11 | H57: 14 | I57: 9 | J57: 5 | K57: 2 | L57: 1 | M57: 14 | N57: 4 | O57: 11 | P57: 3 | Q57: 1 | R57: 2 | S57: 8 | T57: 2 | U57: 10 | V57: 7 | W57: 8 | X57: 13 | Y57: 7 | Z57: 4 | AC57: =SUM(D58:AB58) -> 0
D58: =IF(IFERROR(IF(VLOOKUP(D57,D$83:D$87,1,0)>=1,D$82,0),D57)=D$64,D$68,IF(IFERROR(IF(VLOOKUP(D57,D$83:D$87,1,0)>=1,D$82,0),D57)=D$71,D$74,IF(IFERROR(IF(VLOOKUP(D57,D$83:D$87,1,0)>=1,D$82,0),D57)=D$77,D$79,0))) -> 0 | E58: =IF(IFERROR(IF(VLOOKUP(E57,E$83:E$87,1,0)>=1,E$82,0),E57)=E$64,E$68,IF(IFERROR(IF(VLOOKUP(E57,E$83:E$87,1,0)>=1,E$82,0),E57)=E$71,E$74,IF(IFERROR(IF(VLOOKUP(E57,E$83:E$87,1,0)>=1,E$82,0),E57)=E$77,E$79,0))) -> 0 | F58: =IF(IFERROR(IF(VLOOKUP(F57,F$83:F$87,1,0)>=1,F$82,0),F57)=F$64,F$68,IF(IFERROR(IF(VLOOKUP(F57,F$83:F$87,1,0)>=1,F$82,0),F57)=F$71,F$74,IF(IFERROR(IF(VLOOKUP(F57,F$83:F$87,1,0)>=1,F$82,0),F57)=F$77,F$79,0))) -> 0 | G58: =IF(IFERROR(IF(VLOOKUP(G57,G$83:G$87,1,0)>=1,G$82,0),G57)=G$64,G$68,IF(IFERROR(IF(VLOOKUP(G57,G$83:G$87,1,0)>=1,G$82,0),G57)=G$71,G$74,IF(IFERROR(IF(VLOOKUP(G57,G$83:G$87,1,0)>=1,G$82,0),G57)=G$77,G$79,0))) -> 0 | H58: =IF(IFERROR(IF(VLOOKUP(H57,H$83:H$87,1,0)>=1,H$82,0),H57)=H$64,H$68,IF(IFERROR(IF(VLOOKUP(H57,H$83:H$87,1,0)>=1,H$82,0),H57)=H$71,H$74,IF(IFERROR(IF(VLOOKUP(H57,H$83:H$87,1,0)>=1,H$82,0),H57)=H$77,H$79,0))) -> 0 | I58: =IF(IFERROR(IF(VLOOKUP(I57,I$83:I$87,1,0)>=1,I$82,0),I57)=I$64,I$68,IF(IFERROR(IF(VLOOKUP(I57,I$83:I$87,1,0)>=1,I$82,0),I57)=I$71,I$74,IF(IFERROR(IF(VLOOKUP(I57,I$83:I$87,1,0)>=1,I$82,0),I57)=I$77,I$79,0))) -> 0 | J58: =IF(IFERROR(IF(VLOOKUP(J57,J$83:J$87,1,0)>=1,J$82,0),J57)=J$64,J$68,IF(IFERROR(IF(VLOOKUP(J57,J$83:J$87,1,0)>=1,J$82,0),J57)=J$71,J$74,IF(IFERROR(IF(VLOOKUP(J57,J$83:J$87,1,0)>=1,J$82,0),J57)=J$77,J$79,0))) -> 0 | K58: =IF(IFERROR(IF(VLOOKUP(K57,K$83:K$87,1,0)>=1,K$82,0),K57)=K$64,K$68,IF(IFERROR(IF(VLOOKUP(K57,K$83:K$87,1,0)>=1,K$82,0),K57)=K$71,K$74,IF(IFERROR(IF(VLOOKUP(K57,K$83:K$87,1,0)>=1,K$82,0),K57)=K$77,K$79,0))) -> 0 | ... AB58: =IF(IFERROR(IF(VLOOKUP(AB57,AB$83:AB$87,1,0)>=1,AB$82,0),AB57)=AB$64,AB$68,IF(IFERROR(IF(VLOOKUP(AB57,AB$83:AB$87,1,0)>=1,AB$82,0),AB57)=AB$71,AB$74,IF(IFERROR(IF(VLOOKUP(AB57,AB$83:AB$87,1,0)>=1,AB$82,0),AB57)=AB$77,AB$79,0))) -> 0
A59: =+A57+1 -> 27 | B59: =+Partici!B28 -> STORMILORD | C59: =SUM(D60:AB60) -> 0 | D59: 2 | E59: 3 | F59: 6 | G59: 10 | H59: 9 | I59: 11 | J59: 4 | K59: 12 | L59: 5 | M59: 6 | N59: 2 | O59: 7 | P59: 10 | Q59: 9 | R59: 6 | S59: 2 | T59: 9 | U59: 9 | V59: 2 | W59: 2 | X59: 14 | Y59: 5 | Z59: 8 | AC59: =SUM(D60:AB60) -> 0
D60: =IF(IFERROR(IF(VLOOKUP(D59,D$83:D$87,1,0)>=1,D$82,0),D59)=D$64,D$68,IF(IFERROR(IF(VLOOKUP(D59,D$83:D$87,1,0)>=1,D$82,0),D59)=D$71,D$74,IF(IFERROR(IF(VLOOKUP(D59,D$83:D$87,1,0)>=1,D$82,0),D59)=D$77,D$79,0))) -> 0 | E60: =IF(IFERROR(IF(VLOOKUP(E59,E$83:E$87,1,0)>=1,E$82,0),E59)=E$64,E$68,IF(IFERROR(IF(VLOOKUP(E59,E$83:E$87,1,0)>=1,E$82,0),E59)=E$71,E$74,IF(IFERROR(IF(VLOOKUP(E59,E$83:E$87,1,0)>=1,E$82,0),E59)=E$77,E$79,0))) -> 0 | F60: =IF(IFERROR(IF(VLOOKUP(F59,F$83:F$87,1,0)>=1,F$82,0),F59)=F$64,F$68,IF(IFERROR(IF(VLOOKUP(F59,F$83:F$87,1,0)>=1,F$82,0),F59)=F$71,F$74,IF(IFERROR(IF(VLOOKUP(F59,F$83:F$87,1,0)>=1,F$82,0),F59)=F$77,F$79,0))) -> 0 | G60: =IF(IFERROR(IF(VLOOKUP(G59,G$83:G$87,1,0)>=1,G$82,0),G59)=G$64,G$68,IF(IFERROR(IF(VLOOKUP(G59,G$83:G$87,1,0)>=1,G$82,0),G59)=G$71,G$74,IF(IFERROR(IF(VLOOKUP(G59,G$83:G$87,1,0)>=1,G$82,0),G59)=G$77,G$79,0))) -> 0 | H60: =IF(IFERROR(IF(VLOOKUP(H59,H$83:H$87,1,0)>=1,H$82,0),H59)=H$64,H$68,IF(IFERROR(IF(VLOOKUP(H59,H$83:H$87,1,0)>=1,H$82,0),H59)=H$71,H$74,IF(IFERROR(IF(VLOOKUP(H59,H$83:H$87,1,0)>=1,H$82,0),H59)=H$77,H$79,0))) -> 0 | I60: =IF(IFERROR(IF(VLOOKUP(I59,I$83:I$87,1,0)>=1,I$82,0),I59)=I$64,I$68,IF(IFERROR(IF(VLOOKUP(I59,I$83:I$87,1,0)>=1,I$82,0),I59)=I$71,I$74,IF(IFERROR(IF(VLOOKUP(I59,I$83:I$87,1,0)>=1,I$82,0),I59)=I$77,I$79,0))) -> 0 | J60: =IF(IFERROR(IF(VLOOKUP(J59,J$83:J$87,1,0)>=1,J$82,0),J59)=J$64,J$68,IF(IFERROR(IF(VLOOKUP(J59,J$83:J$87,1,0)>=1,J$82,0),J59)=J$71,J$74,IF(IFERROR(IF(VLOOKUP(J59,J$83:J$87,1,0)>=1,J$82,0),J59)=J$77,J$79,0))) -> 0 | K60: =IF(IFERROR(IF(VLOOKUP(K59,K$83:K$87,1,0)>=1,K$82,0),K59)=K$64,K$68,IF(IFERROR(IF(VLOOKUP(K59,K$83:K$87,1,0)>=1,K$82,0),K59)=K$71,K$74,IF(IFERROR(IF(VLOOKUP(K59,K$83:K$87,1,0)>=1,K$82,0),K59)=K$77,K$79,0))) -> 0 | ... AB60: =IF(IFERROR(IF(VLOOKUP(AB59,AB$83:AB$87,1,0)>=1,AB$82,0),AB59)=AB$64,AB$68,IF(IFERROR(IF(VLOOKUP(AB59,AB$83:AB$87,1,0)>=1,AB$82,0),AB59)=AB$71,AB$74,IF(IFERROR(IF(VLOOKUP(AB59,AB$83:AB$87,1,0)>=1,AB$82,0),AB59)=AB$77,AB$79,0))) -> 0
C63: Carrera | D63: 1 | E63: 2 | F63: 3 | G63: 4 | H63: 5 | I63: 6 | J63: 7 | K63: 8 | L63: 9 | M63: 10 | N63: 11 | O63: 12 | P63: 13 | Q63: 14 | R63: 15 | S63: 16 | T63: 17 | U63: 18 | V63: 19 | W63: 20 | X63: 21 | Y63: 22 | Z63: 23 | AA63: 24 | AB63: 25
C64: Primero | D64: 9
C65: Div Ganador | D65: 5.3
C66: Div Segundo | D66: 3
C67: Div Tercero | D67: 1.4
C68: Suma 1° | D68: =IF(D62="U",D69*2,D69) -> 9.7 | E68: =IF(E62="U",E69*2,E69) -> 0 | F68: =IF(F62="U",F69*2,F69) -> 0 | G68: =IF(G62="U",G69*2,G69) -> 0 | H68: =IF(H62="U",H69*2,H69) -> 0 | I68: =IF(I62="U",I69*2,I69) -> 0 | J68: =IF(J62="U",J69*2,J69) -> 0 | K68: =IF(K62="U",K69*2,K69) -> 0 | ... AB68: =IF(AB62="U",AB69*2,AB69) -> 0
D69: =SUM(D65:D67) -> 9.7 | E69: =SUM(E65:E67) -> 0 | F69: =SUM(F65:F67) -> 0 | G69: =SUM(G65:G67) -> 0 | H69: =SUM(H65:H67) -> 0 | I69: =SUM(I65:I67) -> 0 | J69: =SUM(J65:J67) -> 0 | K69: =SUM(K65:K67) -> 0 | ... AB69: =SUM(AB65:AB67) -> 0
C71: Segundo | D71: 12
C72: Div Segundo | D72: 2.6
C73: Div Tercero | D73: 1.3
C74: Suma 2° | D74: =IF(D62="U",D75*2,D75) -> 3.9 | E74: =IF(E62="U",E75*2,E75) -> 0 | F74: =IF(F62="U",F75*2,F75) -> 0 | G74: =IF(G62="U",G75*2,G75) -> 0 | H74: =IF(H62="U",H75*2,H75) -> 0 | I74: =IF(I62="U",I75*2,I75) -> 0 | J74: =IF(J62="U",J75*2,J75) -> 0 | K74: =IF(K62="U",K75*2,K75) -> 0 | ... AB74: =IF(AB62="U",AB75*2,AB75) -> 0
D75: =SUM(D72:D73) -> 3.9 | E75: =SUM(E72:E73) -> 0 | F75: =SUM(F72:F73) -> 0 | G75: =SUM(G72:G73) -> 0 | H75: =SUM(H72:H73) -> 0 | I75: =SUM(I72:I73) -> 0 | J75: =SUM(J72:J73) -> 0 | K75: =SUM(K72:K73) -> 0 | ... AB75: =SUM(AB72:AB73) -> 0
C77: Tercero | D77: 6
C78: Div Tercero | D78: 1.1
C79: Suma 3° | D79: =IF(D62="U",D80*2,D80) -> 1.1 | E79: =IF(E62="U",E80*2,E80) -> 0 | F79: =IF(F62="U",F80*2,F80) -> 0 | G79: =IF(G62="U",G80*2,G80) -> 0 | H79: =IF(H62="U",H80*2,H80) -> 0 | I79: =IF(I62="U",I80*2,I80) -> 0 | J79: =IF(J62="U",J80*2,J80) -> 0 | K79: =IF(K62="U",K80*2,K80) -> 0 | ... AB79: =IF(AB62="U",AB80*2,AB80) -> 0
D80: =D78 -> 1.1 | E80: =E78 -> 0 | F80: =F78 -> 0 | G80: =G78 -> 0 | H80: =H78 -> 0 | I80: =I78 -> 0 | J80: =J78 -> 0 | K80: =K78 -> 0 | ... AB80: =AB78 -> 0
C82: Favorito | D82: 6
C83: Retiro 1 | D83: 3
C84: Retiro 2
C85: Retiro 3
C86: Retiro 4
C87: Retiro 5

Sheet DIA 2
A1: POLLA NAVIDEÑA DIA: 2 CHS
A6: N° | B6: STUD | C6: Puntos | D6: 1 | E6: 2 | F6: 3 | G6: 4 | H6: 5 | I6: 6 | J6: 7 | K6: 8 | L6: 9 | M6: 10 | N6: 11 | O6: 12 | P6: 13 | Q6: 14 | R6: 15 | S6: 16 | T6: 17 | U6: 18 | V6: 19 | W6: 20 | X6: 21 | Y6: 22 | Z6: 23 | AA6: 24 | AB6: 25 | AC6: Puntos
A7: 1 | B7: =+Partici!B2 -> CAMPEON DE CAMPEONES | C7: =SUM(D8:AB8) -> 0 | D7: 2 | E7: 6 | F7: 4 | G7: 9 | H7: 9 | I7: 7 | J7: 9 | K7: 3 | L7: 4 | M7: 13 | N7: 7 | O7: 9 | P7: 9 | Q7: 6 | R7: 1 | S7: 4 | T7: 8 | U7: 3 | AC7: =SUM(D8:AB8) -> 0
D8: =IF(IFERROR(IF(VLOOKUP(D7,D$145:D$149,1,0)>=1,D$144,0),D7)=D$129,D$133,IF(IFERROR(IF(VLOOKUP(D7,D$145:D$149,1,0)>=1,D$144,0),D7)=D$135,D$138,IF(IFERROR(IF(VLOOKUP(D7,D$145:D$149,1,0)>=1,D$144,0),D7)=D$140,D$142,0))) -> 0 | E8: =IF(IFERROR(IF(VLOOKUP(E7,E$145:E$149,1,0)>=1,E$144,0),E7)=E$129,E$133,IF(IFERROR(IF(VLOOKUP(E7,E$145:E$149,1,0)>=1,E$144,0),E7)=E$135,E$138,IF(IFERROR(IF(VLOOKUP(E7,E$145:E$149,1,0)>=1,E$144,0),E7)=E$140,E$142,0))) -> 0 | F8: =IF(IFERROR(IF(VLOOKUP(F7,F$145:F$149,1,0)>=1,F$144,0),F7)=F$129,F$133,IF(IFERROR(IF(VLOOKUP(F7,F$145:F$149,1,0)>=1,F$144,0),F7)=F$135,F$138,IF(IFERROR(IF(VLOOKUP(F7,F$145:F$149,1,0)>=1,F$144,0),F7)=F$140,F$142,0))) -> 0 | G8: =IF(IFERROR(IF(VLOOKUP(G7,G$145:G$149,1,0)>=1,G$144,0),G7)=G$129,G$133,IF(IFERROR(IF(VLOOKUP(G7,G$145:G$149,1,0)>=1,G$144,0),G7)=G$135,G$138,IF(IFERROR(IF(VLOOKUP(G7,G$145:G$149,1,0)>=1,G$144,0),G7)=G$140,G$142,0))) -> 0 | H8: =IF(IFERROR(IF(VLOOKUP(H7,H$145:H$149,1,0)>=1,H$144,0),H7)=H$129,H$133,IF(IFERROR(IF(VLOOKUP(H7,H$145:H$149,1,0)>=1,H$144,0),H7)=H$135,H$138,IF(IFERROR(IF(VLOOKUP(H7,H$145:H$149,1,0)>=1,H$144,0),H7)=H$140,H$142,0))) -> 0 | I8: =IF(IFERROR(IF(VLOOKUP(I7,I$145:I$149,1,0)>=1,I$144,0),I7)=I$129,I$133,IF(IFERROR(IF(VLOOKUP(I7,I$145:I$149,1,0)>=1,I$144,0),I7)=I$135,I$138,IF(IFERROR(IF(VLOOKUP(I7,I$145:I$149,1,0)>=1,I$144,0),I7)=I$140,I$142,0))) -> 0 | J8: =IF(IFERROR(IF(VLOOKUP(J7,J$145:J$149,1,0)>=1,J$144,0),J7)=J$129,J$133,IF(IFERROR(IF(VLOOKUP(J7,J$145:J$149,1,0)>=1,J$144,0),J7)=J$135,J$138,IF(IFERROR(IF(VLOOKUP(J7,J$145:J$149,1,0)>=1,J$144,0),J7)=J$140,J$142,0))) -> 0 | K8: =IF(IFERROR(IF(VLOOKUP(K7,K$145:K$149,1,0)>=1,K$144,0),K7)=K$129,K$133,IF(IFERROR(IF(VLOOKUP(K7,K$145:K$149,1,0)>=1,K$144,0),K7)=K$135,K$138,IF(IFERROR(IF(VLOOKUP(K7,K$145:K$149,1,0)>=1,K$144,0),K7)=K$140,K$142,0))) -> 0 | ... AB8: =IF(IFERROR(IF(VLOOKUP(AB7,AB$145:AB$149,1,0)>=1,AB$144,0),AB7)=AB$129,AB$133,IF(IFERROR(IF(VLOOKUP(AB7,AB$145:AB$149,1,0)>=1,AB$144,0),AB7)=AB$135,AB$138,IF(IFERROR(IF(VLOOKUP(AB7,AB$145:AB$149,1,0)>=1,AB$144,0),AB7)=AB$140,AB$142,0))) -> 0
A9: =+A7+1 -> 2 | B9: =+Partici!B3 -> FERNANDA | C9: =SUM(D10:AB10) -> 0 | D9: 10 | E9: 2 | F9: 4 | G9: 7 | H9: 1 | I9: 6 | J9: 4 | K9: 7 | L9: 9 | M9: 12 | N9: 3 | O9: 1 | P9: 7 | Q9: 6 | R9: 4 | S9: 12 | T9: 15 | U9: 7 | AC9: =SUM(D10:AB10) -> 0
D10: =IF(IFERROR(IF(VLOOKUP(D9,D$145:D$149,1,0)>=1,D$144,0),D9)=D$129,D$133,IF(IFERROR(IF(VLOOKUP(D9,D$145:D$149,1,0)>=1,D$144,0),D9)=D$135,D$138,IF(IFERROR(IF(VLOOKUP(D9,D$145:D$149,1,0)>=1,D$144,0),D9)=D$140,D$142,0))) -> 0 | E10: =IF(IFERROR(IF(VLOOKUP(E9,E$145:E$149,1,0)>=1,E$144,0),E9)=E$129,E$133,IF(IFERROR(IF(VLOOKUP(E9,E$145:E$149,1,0)>=1,E$144,0),E9)=E$135,E$138,IF(IFERROR(IF(VLOOKUP(E9,E$145:E$149,1,0)>=1,E$144,0),E9)=E$140,E$142,0))) -> 0 | F10: =IF(IFERROR(IF(VLOOKUP(F9,F$145:F$149,1,0)>=1,F$144,0),F9)=F$129,F$133,IF(IFERROR(IF(VLOOKUP(F9,F$145:F$149,1,0)>=1,F$144,0),F9)=F$135,F$138,IF(IFERROR(IF(VLOOKUP(F9,F$145:F$149,1,0)>=1,F$144,0),F9)=F$140,F$142,0))) -> 0 | G10: =IF(IFERROR(IF(VLOOKUP(G9,G$145:G$149,1,0)>=1,G$144,0),G9)=G$129,G$133,IF(IFERROR(IF(VLOOKUP(G9,G$145:G$149,1,0)>=1,G$144,0),G9)=G$135,G$138,IF(IFERROR(IF(VLOOKUP(G9,G$145:G$149,1,0)>=1,G$144,0),G9)=G$140,G$142,0))) -> 0 | H10: =IF(IFERROR(IF(VLOOKUP(H9,H$145:H$149,1,0)>=1,H$144,0),H9)=H$129,H$133,IF(IFERROR(IF(VLOOKUP(H9,H$145:H$149,1,0)>=1,H$144,0),H9)=H$135,H$138,IF(IFERROR(IF(VLOOKUP(H9,H$145:H$149,1,0)>=1,H$144,0),H9)=H$140,H$142,0))) -> 0 | I10: =IF(IFERROR(IF(VLOOKUP(I9,I$145:I$149,1,0)>=1,I$144,0),I9)=I$129,I$133,IF(IFERROR(IF(VLOOKUP(I9,I$145:I$149,1,0)>=1,I$144,0),I9)=I$135,I$138,IF(IFERROR(IF(VLOOKUP(I9,I$145:I$149,1,0)>=1,I$144,0),I9)=I$140,I$142,0))) -> 0 | J10: =IF(IFERROR(IF(VLOOKUP(J9,J$145:J$149,1,0)>=1,J$144,0),J9)=J$129,J$133,IF(IFERROR(IF(VLOOKUP(J9,J$145:J$149,1,0)>=1,J$144,0),J9)=J$135,J$138,IF(IFERROR(IF(VLOOKUP(J9,J$145:J$149,1,0)>=1,J$144,0),J9)=J$140,J$142,0))) -> 0 | K10: =IF(IFERROR(IF(VLOOKUP(K9,K$145:K$149,1,0)>=1,K$144,0),K9)=K$129,K$133,IF(IFERROR(IF(VLOOKUP(K9,K$145:K$149,1,0)>=1,K$144,0),K9)=K$135,K$138,IF(IFERROR(IF(VLOOKUP(K9,K$145:K$149,1,0)>=1,K$144,0),K9)=K$140,K$142,0))) -> 0 | ... AB10: =IF(IFERROR(IF(VLOOKUP(AB9,AB$145:AB$149,1,0)>=1,AB$144,0),AB9)=AB$129,AB$133,IF(IFERROR(IF(VLOOKUP(AB9,AB$145:AB$149,1,0)>=1,AB$144,0),AB9)=AB$135,AB$138,IF(IFERROR(IF(VLOOKUP(AB9,AB$145:AB$149,1,0)>=1,AB$144,0),AB9)=AB$140,AB$142,0))) -> 0
A11: =+A9+1 -> 3 | B11: =+Partici!B4 -> TRINIDAD | C11: =SUM(D12:AB12) -> 0 | D11: 1 | E11: 7 | F11: 1 | G11: 7 | H11: 1 | I11: 3 | J11: 5 | K11: 12 | L11: 9 | M11: 4 | N11: 5 | O11: 6 | P11: 1 | Q11: 8 | R11: 13 | S11: 4 | T11: 9 | U11: 3 | AC11: =SUM(D12:AB12) -> 0
D12: =IF(IFERROR(IF(VLOOKUP(D11,D$145:D$149,1,0)>=1,D$144,0),D11)=D$129,D$133,IF(IFERROR(IF(VLOOKUP(D11,D$145:D$149,1,0)>=1,D$144,0),D11)=D$135,D$138,IF(IFERROR(IF(VLOOKUP(D11,D$145:D$149,1,0)>=1,D$144,0),D11)=D$140,D$142,0))) -> 0 | E12: =IF(IFERROR(IF(VLOOKUP(E11,E$145:E$149,1,0)>=1,E$144,0),E11)=E$129,E$133,IF(IFERROR(IF(VLOOKUP(E11,E$145:E$149,1,0)>=1,E$144,0),E11)=E$135,E$138,IF(IFERROR(IF(VLOOKUP(E11,E$145:E$149,1,0)>=1,E$144,0),E11)=E$140,E$142,0))) -> 0 | F12: =IF(IFERROR(IF(VLOOKUP(F11,F$145:F$149,1,0)>=1,F$144,0),F11)=F$129,F$133,IF(IFERROR(IF(VLOOKUP(F11,F$145:F$149,1,0)>=1,F$144,0),F11)=F$135,F$138,IF(IFERROR(IF(VLOOKUP(F11,F$145:F$149,1,0)>=1,F$144,0),F11)=F$140,F$142,0))) -> 0 | G12: =IF(IFERROR(IF(VLOOKUP(G11,G$145:G$149,1,0)>=1,G$144,0),G11)=G$129,G$133,IF(IFERROR(IF(VLOOKUP(G11,G$145:G$149,1,0)>=1,G$144,0),G11)=G$135,G$138,IF(IFERROR(IF(VLOOKUP(G11,G$145:G$149,1,0)>=1,G$144,0),G11)=G$140,G$142,0))) -> 0 | H12: =IF(IFERROR(IF(VLOOKUP(H11,H$145:H$149,1,0)>=1,H$144,0),H11)=H$129,H$133,IF(IFERROR(IF(VLOOKUP(H11,H$145:H$149,1,0)>=1,H$144,0),H11)=H$135,H$138,IF(IFERROR(IF(VLOOKUP(H11,H$145:H$149,1,0)>=1,H$144,0),H11)=H$140,H$142,0))) -> 0 | I12: =IF(IFERROR(IF(VLOOKUP(I11,I$145:I$149,1,0)>=1,I$144,0),I11)=I$129,I$133,IF(IFERROR(IF(VLOOKUP(I11,I$145:I$149,1,0)>=1,I$144,0),I11)=I$135,I$138,IF(IFERROR(IF(VLOOKUP(I11,I$145:I$149,1,0)>=1,I$144,0),I11)=I$140,I$142,0))) -> 0 | J12: =IF(IFERROR(IF(VLOOKUP(J11,J$145:J$149,1,0)>=1,J$144,0),J11)=J$129,J$133,IF(IFERROR(IF(VLOOKUP(J11,J$145:J$149,1,0)>=1,J$144,0),J11)=J$135,J$138,IF(IFERROR(IF(VLOOKUP(J11,J$145:J$149,1,0)>=1,J$144,0),J11)=J$140,J$142,0))) -> 0 | K12: =IF(IFERROR(IF(VLOOKUP(K11,K$145:K$149,1,0)>=1,K$144,0),K11)=K$129,K$133,IF(IFERROR(IF(VLOOKUP(K11,K$145:K$149,1,0)>=1,K$144,0),K11)=K$135,K$138,IF(IFERROR(IF(VLOOKUP(K11,K$145:K$149,1,0)>=1,K$144,0),K11)=K$140,K$142,0))) -> 0 | ... AB12: =IF(IFERROR(IF(VLOOKUP(AB11,AB$145:AB$149,1,0)>=1,AB$144,0),AB11)=AB$129,AB$133,IF(IFERROR(IF(VLOOKUP(AB11,AB$145:AB$149,1,0)>=1,AB$144,0),AB11)=AB$135,AB$138,IF(IFERROR(IF(VLOOKUP(AB11,AB$145:AB$149,1,0)>=1,AB$144,0),AB11)=AB$140,AB$142,0))) -> 0
A13: =+A11+1 -> 4 | B13: =+Partici!B5 -> OVAYORK | C13: =SUM(D14:AB14) -> 0 | D13: 8 | E13: 1 | F13: 7 | G13: 7 | H13: 1 | I13: 1 | J13: 9 | K13: 11 | L13: 11 | M13: 7 | N13: 6 | O13: 7 | P13: 5 | Q13: 11 | R13: 3 | S13: 8 | T13: 5 | U13: 11 | AC13: =SUM(D14:AB14) -> 0
D14: =IF(IFERROR(IF(VLOOKUP(D13,D$145:D$149,1,0)>=1,D$144,0),D13)=D$129,D$133,IF(IFERROR(IF(VLOOKUP(D13,D$145:D$149,1,0)>=1,D$144,0),D13)=D$135,D$138,IF(IFERROR(IF(VLOOKUP(D13,D$145:D$149,1,0)>=1,D$144,0),D13)=D$140,D$142,0))) -> 0 | E14: =IF(IFERROR(IF(VLOOKUP(E13,E$145:E$149,1,0)>=1,E$144,0),E13)=E$129,E$133,IF(IFERROR(IF(VLOOKUP(E13,E$145:E$149,1,0)>=1,E$144,0),E13)=E$135,E$138,IF(IFERROR(IF(VLOOKUP(E13,E$145:E$149,1,0)>=1,E$144,0),E13)=E$140,E$142,0))) -> 0 | F14: =IF(IFERROR(IF(VLOOKUP(F13,F$145:F$149,1,0)>=1,F$144,0),F13)=F$129,F$133,IF(IFERROR(IF(VLOOKUP(F13,F$145:F$149,1,0)>=1,F$144,0),F13)=F$135,F$138,IF(IFERROR(IF(VLOOKUP(F13,F$145:F$149,1,0)>=1,F$144,0),F13)=F$140,F$142,0))) -> 0 | G14: =IF(IFERROR(IF(VLOOKUP(G13,G$145:G$149,1,0)>=1,G$144,0),G13)=G$129,G$133,IF(IFERROR(IF(VLOOKUP(G13,G$145:G$149,1,0)>=1,G$144,0),G13)=G$135,G$138,IF(IFERROR(IF(VLOOKUP(G13,G$145:G$149,1,0)>=1,G$144,0),G13)=G$140,G$142,0))) -> 0 | H14: =IF(IFERROR(IF(VLOOKUP(H13,H$145:H$149,1,0)>=1,H$144,0),H13)=H$129,H$133,IF(IFERROR(IF(VLOOKUP(H13,H$145:H$149,1,0)>=1,H$144,0),H13)=H$135,H$138,IF(IFERROR(IF(VLOOKUP(H13,H$145:H$149,1,0)>=1,H$144,0),H13)=H$140,H$142,0))) -> 0 | I14: =IF(IFERROR(IF(VLOOKUP(I13,I$145:I$149,1,0)>=1,I$144,0),I13)=I$129,I$133,IF(IFERROR(IF(VLOOKUP(I13,I$145:I$149,1,0)>=1,I$144,0),I13)=I$135,I$138,IF(IFERROR(IF(VLOOKUP(I13,I$145:I$149,1,0)>=1,I$144,0),I13)=I$140,I$142,0))) -> 0 | J14: =IF(IFERROR(IF(VLOOKUP(J13,J$145:J$149,1,0)>=1,J$144,0),J13)=J$129,J$133,IF(IFERROR(IF(VLOOKUP(J13,J$145:J$149,1,0)>=1,J$144,0),J13)=J$135,J$138,IF(IFERROR(IF(VLOOKUP(J13,J$145:J$149,1,0)>=1,J$144,0),J13)=J$140,J$142,0))) -> 0 | K14: =IF(IFERROR(IF(VLOOKUP(K13,K$145:K$149,1,0)>=1,K$144,0),K13)=K$129,K$133,IF(IFERROR(IF(VLOOKUP(K13,K$145:K$149,1,0)>=1,K$144,0),K13)=K$135,K$138,IF(IFERROR(IF(VLOOKUP(K13,K$145:K$149,1,0)>=1,K$144,0),K13)=K$140,K$142,0))) -> 0 | ... AB14: =IF(IFERROR(IF(VLOOKUP(AB13,AB$145:AB$149,1,0)>=1,AB$144,0),AB13)=AB$129,AB$133,IF(IFERROR(IF(VLOOKUP(AB13,AB$145:AB$149,1,0)>=1,AB$144,0),AB13)=AB$135,AB$138,IF(IFERROR(IF(VLOOKUP(AB13,AB$145:AB$149,1,0)>=1,AB$144,0),AB13)=AB$140,AB$142,0))) -> 0
A15: =+A13+1 -> 5 | B15: =+Partici!B6 -> SALVAYORK | C15: =SUM(D16:AB16) -> 0 | D15: 10 | E15: 2 | F15: 1 | G15: 5 | H15: 5 | I15: 1 | J15: 9 | K15: 5 | L15: 4 | M15: 3 | N15: 3 | O15: 1 | P15: 3 | Q15: 8 | R15: 8 | S15: 4 | T15: 13 | U15: 15 | AC15: =SUM(D16:AB16) -> 0
D16: =IF(IFERROR(IF(VLOOKUP(D15,D$145:D$149,1,0)>=1,D$144,0),D15)=D$129,D$133,IF(IFERROR(IF(VLOOKUP(D15,D$145:D$149,1,0)>=1,D$144,0),D15)=D$135,D$138,IF(IFERROR(IF(VLOOKUP(D15,D$145:D$149,1,0)>=1,D$144,0),D15)=D$140,D$142,0))) -> 0 | E16: =IF(IFERROR(IF(VLOOKUP(E15,E$145:E$149,1,0)>=1,E$144,0),E15)=E$129,E$133,IF(IFERROR(IF(VLOOKUP(E15,E$145:E$149,1,0)>=1,E$144,0),E15)=E$135,E$138,IF(IFERROR(IF(VLOOKUP(E15,E$145:E$149,1,0)>=1,E$144,0),E15)=E$140,E$142,0))) -> 0 | F16: =IF(IFERROR(IF(VLOOKUP(F15,F$145:F$149,1,0)>=1,F$144,0),F15)=F$129,F$133,IF(IFERROR(IF(VLOOKUP(F15,F$145:F$149,1,0)>=1,F$144,0),F15)=F$135,F$138,IF(IFERROR(IF(VLOOKUP(F15,F$145:F$149,1,0)>=1,F$144,0),F15)=F$140,F$142,0))) -> 0 | G16: =IF(IFERROR(IF(VLOOKUP(G15,G$145:G$149,1,0)>=1,G$144,0),G15)=G$129,G$133,IF(IFERROR(IF(VLOOKUP(G15,G$145:G$149,1,0)>=1,G$144,0),G15)=G$135,G$138,IF(IFERROR(IF(VLOOKUP(G15,G$145:G$149,1,0)>=1,G$144,0),G15)=G$140,G$142,0))) -> 0 | H16: =IF(IFERROR(IF(VLOOKUP(H15,H$145:H$149,1,0)>=1,H$144,0),H15)=H$129,H$133,IF(IFERROR(IF(VLOOKUP(H15,H$145:H$149,1,0)>=1,H$144,0),H15)=H$135,H$138,IF(IFERROR(IF(VLOOKUP(H15,H$145:H$149,1,0)>=1,H$144,0),H15)=H$140,H$142,0))) -> 0 | I16: =IF(IFERROR(IF(VLOOKUP(I15,I$145:I$149,1,0)>=1,I$144,0),I15)=I$129,I$133,IF(IFERROR(IF(VLOOKUP(I15,I$145:I$149,1,0)>=1,I$144,0),I15)=I$135,I$138,IF(IFERROR(IF(VLOOKUP(I15,I$145:I$149,1,0)>=1,I$144,0),I15)=I$140,I$142,0))) -> 0 | J16: =IF(IFERROR(IF(VLOOKUP(J15,J$145:J$149,1,0)>=1,J$144,0),J15)=J$129,J$133,IF(IFERROR(IF(VLOOKUP(J15,J$145:J$149,1,0)>=1,J$144,0),J15)=J$135,J$138,IF(IFERROR(IF(VLOOKUP(J15,J$145:J$149,1,0)>=1,J$144,0),J15)=J$140,J$142,0))) -> 0 | K16: =IF(IFERROR(IF(VLOOKUP(K15,K$145:K$149,1,0)>=1,K$144,0),K15)=K$129,K$133,IF(IFERROR(IF(VLOOKUP(K15,K$145:K$149,1,0)>=1,K$144,0),K15)=K$135,K$138,IF(IFERROR(IF(VLOOKUP(K15,K$145:K$149,1,0)>=1,K$144,0),K15)=K$140,K$142,0))) -> 0 | ... AB16: =IF(IFERROR(IF(VLOOKUP(AB15,AB$145:AB$149,1,0)>=1,AB$144,0),AB15)=AB$129,AB$133,IF(IFERROR(IF(VLOOKUP(AB15,AB$145:AB$149,1,0)>=1,AB$144,0),AB15)=AB$135,AB$138,IF(IFERROR(IF(VLOOKUP(AB15,AB$145:AB$149,1,0)>=1,AB$144,0),AB15)=AB$140,AB$142,0))) -> 0
A17: =+A15+1 -> 6 | B17: =+Partici!B7 -> KING JORANTO | C17: =SUM(D18:AB18) -> 0 | D17: 1 | E17: 3 | F17: 4 | G17: 1 | H17: 1 | I17: 5 | J17: 13 | K17: 3 | L17: 7 | M17: 11 | N17: 5 | O17: 1 | P17: 9 | Q17: 6 | R17: 6 | S17: 9 | T17: 9 | U17: 15 | AC17: =SUM(D18:AB18) -> 0
D18: =IF(IFERROR(IF(VLOOKUP(D17,D$145:D$149,1,0)>=1,D$144,0),D17)=D$129,D$133,IF(IFERROR(IF(VLOOKUP(D17,D$145:D$149,1,0)>=1,D$144,0),D17)=D$135,D$138,IF(IFERROR(IF(VLOOKUP(D17,D$145:D$149,1,0)>=1,D$144,0),D17)=D$140,D$142,0))) -> 0 | E18: =IF(IFERROR(IF(VLOOKUP(E17,E$145:E$149,1,0)>=1,E$144,0),E17)=E$129,E$133,IF(IFERROR(IF(VLOOKUP(E17,E$145:E$149,1,0)>=1,E$144,0),E17)=E$135,E$138,IF(IFERROR(IF(VLOOKUP(E17,E$145:E$149,1,0)>=1,E$144,0),E17)=E$140,E$142,0))) -> 0 | F18: =IF(IFERROR(IF(VLOOKUP(F17,F$145:F$149,1,0)>=1,F$144,0),F17)=F$129,F$133,IF(IFERROR(IF(VLOOKUP(F17,F$145:F$149,1,0)>=1,F$144,0),F17)=F$135,F$138,IF(IFERROR(IF(VLOOKUP(F17,F$145:F$149,1,0)>=1,F$144,0),F17)=F$140,F$142,0))) -> 0 | G18: =IF(IFERROR(IF(VLOOKUP(G17,G$145:G$149,1,0)>=1,G$144,0),G17)=G$129,G$133,IF(IFERROR(IF(VLOOKUP(G17,G$145:G$149,1,0)>=1,G$144,0),G17)=G$135,G$138,IF(IFERROR(IF(VLOOKUP(G17,G$145:G$149,1,0)>=1,G$144,0),G17)=G$140,G$142,0))) -> 0 | H18: =IF(IFERROR(IF(VLOOKUP(H17,H$145:H$149,1,0)>=1,H$144,0),H17)=H$129,H$133,IF(IFERROR(IF(VLOOKUP(H17,H$145:H$149,1,0)>=1,H$144,0),H17)=H$135,H$138,IF(IFERROR(IF(VLOOKUP(H17,H$145:H$149,1,0)>=1,H$144,0),H17)=H$140,H$142,0))) -> 0 | I18: =IF(IFERROR(IF(VLOOKUP(I17,I$145:I$149,1,0)>=1,I$144,0),I17)=I$129,I$133,IF(IFERROR(IF(VLOOKUP(I17,I$145:I$149,1,0)>=1,I$144,0),I17)=I$135,I$138,IF(IFERROR(IF(VLOOKUP(I17,I$145:I$149,1,0)>=1,I$144,0),I17)=I$140,I$142,0))) -> 0 | J18: =IF(IFERROR(IF(VLOOKUP(J17,J$145:J$149,1,0)>=1,J$144,0),J17)=J$129,J$133,IF(IFERROR(IF(VLOOKUP(J17,J$145:J$149,1,0)>=1,J$144,0),J17)=J$135,J$138,IF(IFERROR(IF(VLOOKUP(J17,J$145:J$149,1,0)>=1,J$144,0),J17)=J$140,J$142,0))) -> 0 | K18: =IF(IFERROR(IF(VLOOKUP(K17,K$145:K$149,1,0)>=1,K$144,0),K17)=K$129,K$133,IF(IFERROR(IF(VLOOKUP(K17,K$145:K$149,1,0)>=1,K$144,0),K17)=K$135,K$138,IF(IFERROR(IF(VLOOKUP(K17,K$145:K$149,1,0)>=1,K$144,0),K17)=K$140,K$142,0))) -> 0 | ... AB18: =IF(IFERROR(IF(VLOOKUP(AB17,AB$145:AB$149,1,0)>=1,AB$144,0),AB17)=AB$129,AB$133,IF(IFERROR(IF(VLOOKUP(AB17,AB$145:AB$149,1,0)>=1,AB$144,0),AB17)=AB$135,AB$138,IF(IFERROR(IF(VLOOKUP(AB17,AB$145:AB$149,1,0)>=1,AB$144,0),AB17)=AB$140,AB$142,0))) -> 0
A19: =+A17+1 -> 7 | B19: =+Partici!B8 -> TOCOCO | C19: =SUM(D20:AB20) -> 0 | D19: 4 | E19: 1 | F19: 8 | G19: 5 | H19: 1 | I19: 2 | J19: 9 | K19: 10 | L19: 8 | M19: 7 | N19: 8 | O19: 1 | P19: 10 | Q19: 8 | R19: 12 | S19: 9 | T19: 14 | U19: 14 | AC19: =SUM(D20:AB20) -> 0
D20: =IF(IFERROR(IF(VLOOKUP(D19,D$145:D$149,1,0)>=1,D$144,0),D19)=D$129,D$133,IF(IFERROR(IF(VLOOKUP(D19,D$145:D$149,1,0)>=1,D$144,0),D19)=D$135,D$138,IF(IFERROR(IF(VLOOKUP(D19,D$145:D$149,1,0)>=1,D$144,0),D19)=D$140,D$142,0))) -> 0 | E20: =IF(IFERROR(IF(VLOOKUP(E19,E$145:E$149,1,0)>=1,E$144,0),E19)=E$129,E$133,IF(IFERROR(IF(VLOOKUP(E19,E$145:E$149,1,0)>=1,E$144,0),E19)=E$135,E$138,IF(IFERROR(IF(VLOOKUP(E19,E$145:E$149,1,0)>=1,E$144,0),E19)=E$140,E$142,0))) -> 0 | F20: =IF(IFERROR(IF(VLOOKUP(F19,F$145:F$149,1,0)>=1,F$144,0),F19)=F$129,F$133,IF(IFERROR(IF(VLOOKUP(F19,F$145:F$149,1,0)>=1,F$144,0),F19)=F$135,F$138,IF(IFERROR(IF(VLOOKUP(F19,F$145:F$149,1,0)>=1,F$144,0),F19)=F$140,F$142,0))) -> 0 | G20: =IF(IFERROR(IF(VLOOKUP(G19,G$145:G$149,1,0)>=1,G$144,0),G19)=G$129,G$133,IF(IFERROR(IF(VLOOKUP(G19,G$145:G$149,1,0)>=1,G$144,0),G19)=G$135,G$138,IF(IFERROR(IF(VLOOKUP(G19,G$145:G$149,1,0)>=1,G$144,0),G19)=G$140,G$142,0))) -> 0 | H20: =IF(IFERROR(IF(VLOOKUP(H19,H$145:H$149,1,0)>=1,H$144,0),H19)=H$129,H$133,IF(IFERROR(IF(VLOOKUP(H19,H$145:H$149,1,0)>=1,H$144,0),H19)=H$135,H$138,IF(IFERROR(IF(VLOOKUP(H19,H$145:H$149,1,0)>=1,H$144,0),H19)=H$140,H$142,0))) -> 0 | I20: =IF(IFERROR(IF(VLOOKUP(I19,I$145:I$149,1,0)>=1,I$144,0),I19)=I$129,I$133,IF(IFERROR(IF(VLOOKUP(I19,I$145:I$149,1,0)>=1,I$144,0),I19)=I$135,I$138,IF(IFERROR(IF(VLOOKUP(I19,I$145:I$149,1,0)>=1,I$144,0),I19)=I$140,I$142,0))) -> 0 | J20: =IF(IFERROR(IF(VLOOKUP(J19,J$145:J$149,1,0)>=1,J$144,0),J19)=J$129,J$133,IF(IFERROR(IF(VLOOKUP(J19,J$145:J$149,1,0)>=1,J$144,0),J19)=J$135,J$138,IF(IFERROR(IF(VLOOKUP(J19,J$145:J$149,1,0)>=1,J$144,0),J19)=J$140,J$142,0))) -> 0 | K20: =IF(IFERROR(IF(VLOOKUP(K19,K$145:K$149,1,0)>=1,K$144,0),K19)=K$129,K$133,IF(IFERROR(IF(VLOOKUP(K19,K$145:K$149,1,0)>=1,K$144,0),K19)=K$135,K$138,IF(IFERROR(IF(VLOOKUP(K19,K$145:K$149,1,0)>=1,K$144,0),K19)=K$140,K$142,0))) -> 0 | ... AB20: =IF(IFERROR(IF(VLOOKUP(AB19,AB$145:AB$149,1,0)>=1,AB$144,0),AB19)=AB$129,AB$133,IF(IFERROR(IF(VLOOKUP(AB19,AB$145:AB$149,1,0)>=1,AB$144,0),AB19)=AB$135,AB$138,IF(IFERROR(IF(VLOOKUP(AB19,AB$145:AB$149,1,0)>=1,AB$144,0),AB19)=AB$140,AB$142,0))) -> 0
A21: =+A19+1 -> 8 | B21: =+Partici!B9 -> AUMENTA MEDINA | C21: =SUM(D22:AB22) -> 0 | D21: 10 | E21: 1 | F21: 8 | G21: 10 | H21: 6 | I21: 3 | J21: 9 | K21: 1 | L21: 9 | M21: 11 | N21: 8 | O21: 1 | P21: 5 | Q21: 12 | R21: 14 | S21: 6 | T21: 9 | U21: 10 | AC21: =SUM(D22:AB22) -> 0
D22: =IF(IFERROR(IF(VLOOKUP(D21,D$145:D$149,1,0)>=1,D$144,0),D21)=D$129,D$133,IF(IFERROR(IF(VLOOKUP(D21,D$145:D$149,1,0)>=1,D$144,0),D21)=D$135,D$138,IF(IFERROR(IF(VLOOKUP(D21,D$145:D$149,1,0)>=1,D$144,0),D21)=D$140,D$142,0))) -> 0 | E22: =IF(IFERROR(IF(VLOOKUP(E21,E$145:E$149,1,0)>=1,E$144,0),E21)=E$129,E$133,IF(IFERROR(IF(VLOOKUP(E21,E$145:E$149,1,0)>=1,E$144,0),E21)=E$135,E$138,IF(IFERROR(IF(VLOOKUP(E21,E$145:E$149,1,0)>=1,E$144,0),E21)=E$140,E$142,0))) -> 0 | F22: =IF(IFERROR(IF(VLOOKUP(F21,F$145:F$149,1,0)>=1,F$144,0),F21)=F$129,F$133,IF(IFERROR(IF(VLOOKUP(F21,F$145:F$149,1,0)>=1,F$144,0),F21)=F$135,F$138,IF(IFERROR(IF(VLOOKUP(F21,F$145:F$149,1,0)>=1,F$144,0),F21)=F$140,F$142,0))) -> 0 | G22: =IF(IFERROR(IF(VLOOKUP(G21,G$145:G$149,1,0)>=1,G$144,0),G21)=G$129,G$133,IF(IFERROR(IF(VLOOKUP(G21,G$145:G$149,1,0)>=1,G$144,0),G21)=G$135,G$138,IF(IFERROR(IF(VLOOKUP(G21,G$145:G$149,1,0)>=1,G$144,0),G21)=G$140,G$142,0))) -> 0 | H22: =IF(IFERROR(IF(VLOOKUP(H21,H$145:H$149,1,0)>=1,H$144,0),H21)=H$129,H$133,IF(IFERROR(IF(VLOOKUP(H21,H$145:H$149,1,0)>=1,H$144,0),H21)=H$135,H$138,IF(IFERROR(IF(VLOOKUP(H21,H$145:H$149,1,0)>=1,H$144,0),H21)=H$140,H$142,0))) -> 0 | I22: =IF(IFERROR(IF(VLOOKUP(I21,I$145:I$149,1,0)>=1,I$144,0),I21)=I$129,I$133,IF(IFERROR(IF(VLOOKUP(I21,I$145:I$149,1,0)>=1,I$144,0),I21)=I$135,I$138,IF(IFERROR(IF(VLOOKUP(I21,I$145:I$149,1,0)>=1,I$144,0),I21)=I$140,I$142,0))) -> 0 | J22: =IF(IFERROR(IF(VLOOKUP(J21,J$145:J$149,1,0)>=1,J$144,0),J21)=J$129,J$133,IF(IFERROR(IF(VLOOKUP(J21,J$145:J$149,1,0)>=1,J$144,0),J21)=J$135,J$138,IF(IFERROR(IF(VLOOKUP(J21,J$145:J$149,1,0)>=1,J$144,0),J21)=J$140,J$142,0))) -> 0 | K22: =IF(IFERROR(IF(VLOOKUP(K21,K$145:K$149,1,0)>=1,K$144,0),K21)=K$129,K$133,IF(IFERROR(IF(VLOOKUP(K21,K$145:K$149,1,0)>=1,K$144,0),K21)=K$135,K$138,IF(IFERROR(IF(VLOOKUP(K21,K$145:K$149,1,0)>=1,K$144,0),K21)=K$140,K$142,0))) -> 0 | ... AB22: =IF(IFERROR(IF(VLOOKUP(AB21,AB$145:AB$149,1,0)>=1,AB$144,0),AB21)=AB$129,AB$133,IF(IFERROR(IF(VLOOKUP(AB21,AB$145:AB$149,1,0)>=1,AB$144,0),AB21)=AB$135,AB$138,IF(IFERROR(IF(VLOOKUP(AB21,AB$145:AB$149,1,0)>=1,AB$144,0),AB21)=AB$140,AB$142,0))) -> 0
A23: =+A21+1 -> 9 | B23: =+Partici!B10 -> MAGICO MEDINA | C23: =SUM(D24:AB24) -> 0 | D23: 3 | E23: 4 | F23: 3 | G23: 4 | H23: 9 | I23: 2 | J23: 7 | K23: 11 | L23: 4 | M23: 4 | N23: 9 | O23: 9 | P23: 9 | Q23: 8 | R23: 4 | S23: 5 | T23: 9 | U23: 1 | AC23: =SUM(D24:AB24) -> 0
D24: =IF(IFERROR(IF(VLOOKUP(D23,D$145:D$149,1,0)>=1,D$144,0),D23)=D$129,D$133,IF(IFERROR(IF(VLOOKUP(D23,D$145:D$149,1,0)>=1,D$144,0),D23)=D$135,D$138,IF(IFERROR(IF(VLOOKUP(D23,D$145:D$149,1,0)>=1,D$144,0),D23)=D$140,D$142,0))) -> 0 | E24: =IF(IFERROR(IF(VLOOKUP(E23,E$145:E$149,1,0)>=1,E$144,0),E23)=E$129,E$133,IF(IFERROR(IF(VLOOKUP(E23,E$145:E$149,1,0)>=1,E$144,0),E23)=E$135,E$138,IF(IFERROR(IF(VLOOKUP(E23,E$145:E$149,1,0)>=1,E$144,0),E23)=E$140,E$142,0))) -> 0 | F24: =IF(IFERROR(IF(VLOOKUP(F23,F$145:F$149,1,0)>=1,F$144,0),F23)=F$129,F$133,IF(IFERROR(IF(VLOOKUP(F23,F$145:F$149,1,0)>=1,F$144,0),F23)=F$135,F$138,IF(IFERROR(IF(VLOOKUP(F23,F$145:F$149,1,0)>=1,F$144,0),F23)=F$140,F$142,0))) -> 0 | G24: =IF(IFERROR(IF(VLOOKUP(G23,G$145:G$149,1,0)>=1,G$144,0),G23)=G$129,G$133,IF(IFERROR(IF(VLOOKUP(G23,G$145:G$149,1,0)>=1,G$144,0),G23)=G$135,G$138,IF(IFERROR(IF(VLOOKUP(G23,G$145:G$149,1,0)>=1,G$144,0),G23)=G$140,G$142,0))) -> 0 | H24: =IF(IFERROR(IF(VLOOKUP(H23,H$145:H$149,1,0)>=1,H$144,0),H23)=H$129,H$133,IF(IFERROR(IF(VLOOKUP(H23,H$145:H$149,1,0)>=1,H$144,0),H23)=H$135,H$138,IF(IFERROR(IF(VLOOKUP(H23,H$145:H$149,1,0)>=1,H$144,0),H23)=H$140,H$142,0))) -> 0 | I24: =IF(IFERROR(IF(VLOOKUP(I23,I$145:I$149,1,0)>=1,I$144,0),I23)=I$129,I$133,IF(IFERROR(IF(VLOOKUP(I23,I$145:I$149,1,0)>=1,I$144,0),I23)=I$135,I$138,IF(IFERROR(IF(VLOOKUP(I23,I$145:I$149,1,0)>=1,I$144,0),I23)=I$140,I$142,0))) -> 0 | J24: =IF(IFERROR(IF(VLOOKUP(J23,J$145:J$149,1,0)>=1,J$144,0),J23)=J$129,J$133,IF(IFERROR(IF(VLOOKUP(J23,J$145:J$149,1,0)>=1,J$144,0),J23)=J$135,J$138,IF(IFERROR(IF(VLOOKUP(J23,J$145:J$149,1,0)>=1,J$144,0),J23)=J$140,J$142,0))) -> 0 | K24: =IF(IFERROR(IF(VLOOKUP(K23,K$145:K$149,1,0)>=1,K$144,0),K23)=K$129,K$133,IF(IFERROR(IF(VLOOKUP(K23,K$145:K$149,1,0)>=1,K$144,0),K23)=K$135,K$138,IF(IFERROR(IF(VLOOKUP(K23,K$145:K$149,1,0)>=1,K$144,0),K23)=K$140,K$142,0))) -> 0 | ... AB24: =IF(IFERROR(IF(VLOOKUP(AB23,AB$145:AB$149,1,0)>=1,AB$144,0),AB23)=AB$129,AB$133,IF(IFERROR(IF(VLOOKUP(AB23,AB$145:AB$149,1,0)>=1,AB$144,0),AB23)=AB$135,AB$138,IF(IFERROR(IF(VLOOKUP(AB23,AB$145:AB$149,1,0)>=1,AB$144,0),AB23)=AB$140,AB$142,0))) -> 0
A25: =+A23+1 -> 10 | B25: =+Partici!B11 -> KOKE | C25: =SUM(D26:AB26) -> 0 | D25: 14 | E25: 3 | F25: 7 | G25: 7 | H25: 10 | I25: 3 | J25: 10 | K25: 3 | L25: 8 | M25: 4 | N25: 2 | O25: 6 | P25: 3 | Q25: 3 | R25: 12 | S25: 7 | T25: 10 | U25: 3 | AC25: =SUM(D26:AB26) -> 0
D26: =IF(IFERROR(IF(VLOOKUP(D25,D$145:D$149,1,0)>=1,D$144,0),D25)=D$129,D$133,IF(IFERROR(IF(VLOOKUP(D25,D$145:D$149,1,0)>=1,D$144,0),D25)=D$135,D$138,IF(IFERROR(IF(VLOOKUP(D25,D$145:D$149,1,0)>=1,D$144,0),D25)=D$140,D$142,0))) -> 0 | E26: =IF(IFERROR(IF(VLOOKUP(E25,E$145:E$149,1,0)>=1,E$144,0),E25)=E$129,E$133,IF(IFERROR(IF(VLOOKUP(E25,E$145:E$149,1,0)>=1,E$144,0),E25)=E$135,E$138,IF(IFERROR(IF(VLOOKUP(E25,E$145:E$149,1,0)>=1,E$144,0),E25)=E$140,E$142,0))) -> 0 | F26: =IF(IFERROR(IF(VLOOKUP(F25,F$145:F$149,1,0)>=1,F$144,0),F25)=F$129,F$133,IF(IFERROR(IF(VLOOKUP(F25,F$145:F$149,1,0)>=1,F$144,0),F25)=F$135,F$138,IF(IFERROR(IF(VLOOKUP(F25,F$145:F$149,1,0)>=1,F$144,0),F25)=F$140,F$142,0))) -> 0 | G26: =IF(IFERROR(IF(VLOOKUP(G25,G$145:G$149,1,0)>=1,G$144,0),G25)=G$129,G$133,IF(IFERROR(IF(VLOOKUP(G25,G$145:G$149,1,0)>=1,G$144,0),G25)=G$135,G$138,IF(IFERROR(IF(VLOOKUP(G25,G$145:G$149,1,0)>=1,G$144,0),G25)=G$140,G$142,0))) -> 0 | H26: =IF(IFERROR(IF(VLOOKUP(H25,H$145:H$149,1,0)>=1,H$144,0),H25)=H$129,H$133,IF(IFERROR(IF(VLOOKUP(H25,H$145:H$149,1,0)>=1,H$144,0),H25)=H$135,H$138,IF(IFERROR(IF(VLOOKUP(H25,H$145:H$149,1,0)>=1,H$144,0),H25)=H$140,H$142,0))) -> 0 | I26: =IF(IFERROR(IF(VLOOKUP(I25,I$145:I$149,1,0)>=1,I$144,0),I25)=I$129,I$133,IF(IFERROR(IF(VLOOKUP(I25,I$145:I$149,1,0)>=1,I$144,0),I25)=I$135,I$138,IF(IFERROR(IF(VLOOKUP(I25,I$145:I$149,1,0)>=1,I$144,0),I25)=I$140,I$142,0))) -> 0 | J26: =IF(IFERROR(IF(VLOOKUP(J25,J$145:J$149,1,0)>=1,J$144,0),J25)=J$129,J$133,IF(IFERROR(IF(VLOOKUP(J25,J$145:J$149,1,0)>=1,J$144,0),J25)=J$135,J$138,IF(IFERROR(IF(VLOOKUP(J25,J$145:J$149,1,0)>=1,J$144,0),J25)=J$140,J$142,0))) -> 0 | K26: =IF(IFERROR(IF(VLOOKUP(K25,K$145:K$149,1,0)>=1,K$144,0),K25)=K$129,K$133,IF(IFERROR(IF(VLOOKUP(K25,K$145:K$149,1,0)>=1,K$144,0),K25)=K$135,K$138,IF(IFERROR(IF(VLOOKUP(K25,K$145:K$149,1,0)>=1,K$144,0),K25)=K$140,K$142,0))) -> 0 | ... AB26: =IF(IFERROR(IF(VLOOKUP(AB25,AB$145:AB$149,1,0)>=1,AB$144,0),AB25)=AB$129,AB$133,IF(IFERROR(IF(VLOOKUP(AB25,AB$145:AB$149,1,0)>=1,AB$144,0),AB25)=AB$135,AB$138,IF(IFERROR(IF(VLOOKUP(AB25,AB$145:AB$149,1,0)>=1,AB$144,0),AB25)=AB$140,AB$142,0))) -> 0
A27: =+A25+1 -> 11 | B27: =+Partici!B12 -> SERVIFRENOS | C27: =SUM(D28:AB28) -> 0 | D27: 3 | E27: 2 | F27: 1 | G27: 7 | H27: 6 | I27: 3 | J27: 9 | K27: 1 | L27: 8 | M27: 4 | N27: 9 | O27: 6 | P27: 10 | Q27: 8 | R27: 3 | S27: 3 | T27: 1 | U27: 12 | AC27: =SUM(D28:AB28) -> 0
D28: =IF(IFERROR(IF(VLOOKUP(D27,D$145:D$149,1,0)>=1,D$144,0),D27)=D$129,D$133,IF(IFERROR(IF(VLOOKUP(D27,D$145:D$149,1,0)>=1,D$144,0),D27)=D$135,D$138,IF(IFERROR(IF(VLOOKUP(D27,D$145:D$149,1,0)>=1,D$144,0),D27)=D$140,D$142,0))) -> 0 | E28: =IF(IFERROR(IF(VLOOKUP(E27,E$145:E$149,1,0)>=1,E$144,0),E27)=E$129,E$133,IF(IFERROR(IF(VLOOKUP(E27,E$145:E$149,1,0)>=1,E$144,0),E27)=E$135,E$138,IF(IFERROR(IF(VLOOKUP(E27,E$145:E$149,1,0)>=1,E$144,0),E27)=E$140,E$142,0))) -> 0 | F28: =IF(IFERROR(IF(VLOOKUP(F27,F$145:F$149,1,0)>=1,F$144,0),F27)=F$129,F$133,IF(IFERROR(IF(VLOOKUP(F27,F$145:F$149,1,0)>=1,F$144,0),F27)=F$135,F$138,IF(IFERROR(IF(VLOOKUP(F27,F$145:F$149,1,0)>=1,F$144,0),F27)=F$140,F$142,0))) -> 0 | G28: =IF(IFERROR(IF(VLOOKUP(G27,G$145:G$149,1,0)>=1,G$144,0),G27)=G$129,G$133,IF(IFERROR(IF(VLOOKUP(G27,G$145:G$149,1,0)>=1,G$144,0),G27)=G$135,G$138,IF(IFERROR(IF(VLOOKUP(G27,G$145:G$149,1,0)>=1,G$144,0),G27)=G$140,G$142,0))) -> 0 | H28: =IF(IFERROR(IF(VLOOKUP(H27,H$145:H$149,1,0)>=1,H$144,0),H27)=H$129,H$133,IF(IFERROR(IF(VLOOKUP(H27,H$145:H$149,1,0)>=1,H$144,0),H27)=H$135,H$138,IF(IFERROR(IF(VLOOKUP(H27,H$145:H$149,1,0)>=1,H$144,0),H27)=H$140,H$142,0))) -> 0 | I28: =IF(IFERROR(IF(VLOOKUP(I27,I$145:I$149,1,0)>=1,I$144,0),I27)=I$129,I$133,IF(IFERROR(IF(VLOOKUP(I27,I$145:I$149,1,0)>=1,I$144,0),I27)=I$135,I$138,IF(IFERROR(IF(VLOOKUP(I27,I$145:I$149,1,0)>=1,I$144,0),I27)=I$140,I$142,0))) -> 0 | J28: =IF(IFERROR(IF(VLOOKUP(J27,J$145:J$149,1,0)>=1,J$144,0),J27)=J$129,J$133,IF(IFERROR(IF(VLOOKUP(J27,J$145:J$149,1,0)>=1,J$144,0),J27)=J$135,J$138,IF(IFERROR(IF(VLOOKUP(J27,J$145:J$149,1,0)>=1,J$144,0),J27)=J$140,J$142,0))) -> 0 | K28: =IF(IFERROR(IF(VLOOKUP(K27,K$145:K$149,1,0)>=1,K$144,0),K27)=K$129,K$133,IF(IFERROR(IF(VLOOKUP(K27,K$145:K$149,1,0)>=1,K$144,0),K27)=K$135,K$138,IF(IFERROR(IF(VLOOKUP(K27,K$145:K$149,1,0)>=1,K$144,0),K27)=K$140,K$142,0))) -> 0 | ... AB28: =IF(IFERROR(IF(VLOOKUP(AB27,AB$145:AB$149,1,0)>=1,AB$144,0),AB27)=AB$129,AB$133,IF(IFERROR(IF(VLOOKUP(AB27,AB$145:AB$149,1,0)>=1,AB$144,0),AB27)=AB$135,AB$138,IF(IFERROR(IF(VLOOKUP(AB27,AB$145:AB$149,1,0)>=1,AB$144,0),AB27)=AB$140,AB$142,0))) -> 0
A29: =+A27+1 -> 12 | B29: =+Partici!B13 -> ALF | C29: =SUM(D30:AB30) -> 0 | D29: 11 | E29: 2 | F29: 8 | G29: 7 | H29: 9 | I29: 6 | J29: 5 | K29: 1 | L29: 8 | M29: 4 | N29: 9 | O29: 1 | P29: 14 | Q29: 2 | R29: 9 | S29: 3 | T29: 9 | U29: 3 | AC29: =SUM(D30:AB30) -> 0
D30: =IF(IFERROR(IF(VLOOKUP(D29,D$145:D$149,1,0)>=1,D$144,0),D29)=D$129,D$133,IF(IFERROR(IF(VLOOKUP(D29,D$145:D$149,1,0)>=1,D$144,0),D29)=D$135,D$138,IF(IFERROR(IF(VLOOKUP(D29,D$145:D$149,1,0)>=1,D$144,0),D29)=D$140,D$142,0))) -> 0 | E30: =IF(IFERROR(IF(VLOOKUP(E29,E$145:E$149,1,0)>=1,E$144,0),E29)=E$129,E$133,IF(IFERROR(IF(VLOOKUP(E29,E$145:E$149,1,0)>=1,E$144,0),E29)=E$135,E$138,IF(IFERROR(IF(VLOOKUP(E29,E$145:E$149,1,0)>=1,E$144,0),E29)=E$140,E$142,0))) -> 0 | F30: =IF(IFERROR(IF(VLOOKUP(F29,F$145:F$149,1,0)>=1,F$144,0),F29)=F$129,F$133,IF(IFERROR(IF(VLOOKUP(F29,F$145:F$149,1,0)>=1,F$144,0),F29)=F$135,F$138,IF(IFERROR(IF(VLOOKUP(F29,F$145:F$149,1,0)>=1,F$144,0),F29)=F$140,F$142,0))) -> 0 | G30: =IF(IFERROR(IF(VLOOKUP(G29,G$145:G$149,1,0)>=1,G$144,0),G29)=G$129,G$133,IF(IFERROR(IF(VLOOKUP(G29,G$145:G$149,1,0)>=1,G$144,0),G29)=G$135,G$138,IF(IFERROR(IF(VLOOKUP(G29,G$145:G$149,1,0)>=1,G$144,0),G29)=G$140,G$142,0))) -> 0 | H30: =IF(IFERROR(IF(VLOOKUP(H29,H$145:H$149,1,0)>=1,H$144,0),H29)=H$129,H$133,IF(IFERROR(IF(VLOOKUP(H29,H$145:H$149,1,0)>=1,H$144,0),H29)=H$135,H$138,IF(IFERROR(IF(VLOOKUP(H29,H$145:H$149,1,0)>=1,H$144,0),H29)=H$140,H$142,0))) -> 0 | I30: =IF(IFERROR(IF(VLOOKUP(I29,I$145:I$149,1,0)>=1,I$144,0),I29)=I$129,I$133,IF(IFERROR(IF(VLOOKUP(I29,I$145:I$149,1,0)>=1,I$144,0),I29)=I$135,I$138,IF(IFERROR(IF(VLOOKUP(I29,I$145:I$149,1,0)>=1,I$144,0),I29)=I$140,I$142,0))) -> 0 | J30: =IF(IFERROR(IF(VLOOKUP(J29,J$145:J$149,1,0)>=1,J$144,0),J29)=J$129,J$133,IF(IFERROR(IF(VLOOKUP(J29,J$145:J$149,1,0)>=1,J$144,0),J29)=J$135,J$138,IF(IFERROR(IF(VLOOKUP(J29,J$145:J$149,1,0)>=1,J$144,0),J29)=J$140,J$142,0))) -> 0 | K30: =IF(IFERROR(IF(VLOOKUP(K29,K$145:K$149,1,0)>=1,K$144,0),K29)=K$129,K$133,IF(IFERROR(IF(VLOOKUP(K29,K$145:K$149,1,0)>=1,K$144,0),K29)=K$135,K$138,IF(IFERROR(IF(VLOOKUP(K29,K$145:K$149,1,0)>=1,K$144,0),K29)=K$140,K$142,0))) -> 0 | ... AB30: =IF(IFERROR(IF(VLOOKUP(AB29,AB$145:AB$149,1,0)>=1,AB$144,0),AB29)=AB$129,AB$133,IF(IFERROR(IF(VLOOKUP(AB29,AB$145:AB$149,1,0)>=1,AB$144,0),AB29)=AB$135,AB$138,IF(IFERROR(IF(VLOOKUP(AB29,AB$145:AB$149,1,0)>=1,AB$144,0),AB29)=AB$140,AB$142,0))) -> 0
A31: =+A29+1 -> 13 | B31: =+Partici!B14 -> TRES COPAS | C31: =SUM(D32:AB32) -> 0 | D31: 14 | E31: 7 | F31: 2 | G31: 9 | H31: 9 | I31: 7 | J31: 7 | K31: 2 | L31: 2 | M31: 8 | N31: 9 | O31: 7 | P31: 4 | Q31: 13 | R31: 10 | S31: 5 | T31: 1 | U31: 10 | AC31: =SUM(D32:AB32) -> 0
D32: =IF(IFERROR(IF(VLOOKUP(D31,D$145:D$149,1,0)>=1,D$144,0),D31)=D$129,D$133,IF(IFERROR(IF(VLOOKUP(D31,D$145:D$149,1,0)>=1,D$144,0),D31)=D$135,D$138,IF(IFERROR(IF(VLOOKUP(D31,D$145:D$149,1,0)>=1,D$144,0),D31)=D$140,D$142,0))) -> 0 | E32: =IF(IFERROR(IF(VLOOKUP(E31,E$145:E$149,1,0)>=1,E$144,0),E31)=E$129,E$133,IF(IFERROR(IF(VLOOKUP(E31,E$145:E$149,1,0)>=1,E$144,0),E31)=E$135,E$138,IF(IFERROR(IF(VLOOKUP(E31,E$145:E$149,1,0)>=1,E$144,0),E31)=E$140,E$142,0))) -> 0 | F32: =IF(IFERROR(IF(VLOOKUP(F31,F$145:F$149,1,0)>=1,F$144,0),F31)=F$129,F$133,IF(IFERROR(IF(VLOOKUP(F31,F$145:F$149,1,0)>=1,F$144,0),F31)=F$135,F$138,IF(IFERROR(IF(VLOOKUP(F31,F$145:F$149,1,0)>=1,F$144,0),F31)=F$140,F$142,0))) -> 0 | G32: =IF(IFERROR(IF(VLOOKUP(G31,G$145:G$149,1,0)>=1,G$144,0),G31)=G$129,G$133,IF(IFERROR(IF(VLOOKUP(G31,G$145:G$149,1,0)>=1,G$144,0),G31)=G$135,G$138,IF(IFERROR(IF(VLOOKUP(G31,G$145:G$149,1,0)>=1,G$144,0),G31)=G$140,G$142,0))) -> 0 | H32: =IF(IFERROR(IF(VLOOKUP(H31,H$145:H$149,1,0)>=1,H$144,0),H31)=H$129,H$133,IF(IFERROR(IF(VLOOKUP(H31,H$145:H$149,1,0)>=1,H$144,0),H31)=H$135,H$138,IF(IFERROR(IF(VLOOKUP(H31,H$145:H$149,1,0)>=1,H$144,0),H31)=H$140,H$142,0))) -> 0 | I32: =IF(IFERROR(IF(VLOOKUP(I31,I$145:I$149,1,0)>=1,I$144,0),I31)=I$129,I$133,IF(IFERROR(IF(VLOOKUP(I31,I$145:I$149,1,0)>=1,I$144,0),I31)=I$135,I$138,IF(IFERROR(IF(VLOOKUP(I31,I$145:I$149,1,0)>=1,I$144,0),I31)=I$140,I$142,0))) -> 0 | J32: =IF(IFERROR(IF(VLOOKUP(J31,J$145:J$149,1,0)>=1,J$144,0),J31)=J$129,J$133,IF(IFERROR(IF(VLOOKUP(J31,J$145:J$149,1,0)>=1,J$144,0),J31)=J$135,J$138,IF(IFERROR(IF(VLOOKUP(J31,J$145:J$149,1,0)>=1,J$144,0),J31)=J$140,J$142,0))) -> 0 | K32: =IF(IFERROR(IF(VLOOKUP(K31,K$145:K$149,1,0)>=1,K$144,0),K31)=K$129,K$133,IF(IFERROR(IF(VLOOKUP(K31,K$145:K$149,1,0)>=1,K$144,0),K31)=K$135,K$138,IF(IFERROR(IF(VLOOKUP(K31,K$145:K$149,1,0)>=1,K$144,0),K31)=K$140,K$142,0))) -> 0 | ... AB32: =IF(IFERROR(IF(VLOOKUP(AB31,AB$145:AB$149,1,0)>=1,AB$144,0),AB31)=AB$129,AB$133,IF(IFERROR(IF(VLOOKUP(AB31,AB$145:AB$149,1,0)>=1,AB$144,0),AB31)=AB$135,AB$138,IF(IFERROR(IF(VLOOKUP(AB31,AB$145:AB$149,1,0)>=1,AB$144,0),AB31)=AB$140,AB$142,0))) -> 0
A33: =+A31+1 -> 14 | B33: =+Partici!B15 -> SEA COURT 1 | C33: =SUM(D34:AB34) -> 0 | D33: 10 | E33: 7 | F33: 1 | G33: 10 | H33: 5 | I33: 3 | J33: 9 | K33: 2 | L33: 9 | M33: 4 | N33: 1 | O33: 2 | P33: 7 | Q33: 10 | R33: 13 | S33: 3 | T33: 9 | U33: 3 | AC33: =SUM(D34:AB34) -> 0
